guard_npc_id	pattern	low_hp	high_hp	chance	placement	summons
203338	LGuard_WhA_L43	0	34	100	SELF	207612*1
203378	LGuard_ReA_L51	0	34	100	TARGET	207635*1
203902	LGuard_WhA_L50	0	34	100	SELF	295135*1
203903	LGuard_PhA	0	34	50	SELF	294734*3,294737*2
203903	LGuard_PhA	36	70	50	SELF	294734*2,294737*1
203903	LGuard_PhA	71	100	50	SELF	294734*2
203904	LGuard_RhA_L50	0	34	100	SELF	295132*2,295131*3
203904	LGuard_RhA_L50	36	70	100	TARGET	295131*3
203996	LGuard_Kimeia	0	24	100	SELF	207549*1,207550*1,207551*1
203996	LGuard_Kimeia	26	50	100	SELF	207549*1,207550*1
203996	LGuard_Kimeia	51	75	100	SELF	207549*1
204303	DGuard_PhA	0	34	50	SELF	294767*3,294770*2
204303	DGuard_PhA	36	70	50	SELF	294767*2,294770*1
204303	DGuard_PhA	71	100	50	SELF	294767*2
204304	DGuard_WhA_L50	0	34	100	SELF	295146*1
204312	DGuard_AhA_L50	0	34	100	SELF	295144*2,295145*1
204314	DGuard_WhA_L50	0	34	100	SELF	295146*1
204315	DGuard_RhA_L50	0	34	100	SELF	295143*2,295142*3
204315	DGuard_RhA_L50	36	70	100	TARGET	295142*3
204317	DGuard_AhA_L50	0	34	100	SELF	295144*2,295145*1
204391	DGuard_RhA_L45	0	34	100	SELF	207824*2,207823*3
204391	DGuard_RhA_L45	36	70	100	TARGET	207823*3
204434	DGuard_WhA_L50	0	34	100	SELF	295146*1
204502	LGuard_WhA_L53	0	34	100	SELF	207622*1
204503	LGuard_PhA_L53	0	34	50	SELF	207688*3,207689*2
204503	LGuard_PhA_L53	36	70	50	SELF	207688*2,207689*1
204503	LGuard_PhA_L53	71	100	50	SELF	207688*2
204510	LGuard_RhA_L50	0	34	100	SELF	295132*2,295131*3
204510	LGuard_RhA_L50	36	70	100	TARGET	295131*3
204518	LGuard_WhA_L50	0	34	100	SELF	295135*1
204574	LGuard_ReA_L50	0	34	100	TARGET	295131*1
204575	LGuard_ReA_L50	0	34	100	TARGET	295131*1
204576	LGuard_ReA_L50	0	34	100	TARGET	295131*1
204584	LGuard_ReA_L50	0	34	100	TARGET	295131*1
204590	LGuard_AhA_L50	0	34	100	SELF	295133*2,295134*1
204591	LGuard_ReA_L50	0	34	100	TARGET	295131*1
204598	LGuard_ReA_L50	0	34	100	TARGET	295131*1
204599	LGuard_ReA_L50	0	34	100	TARGET	295131*1
204602	LGuard_ReA_L50	0	34	100	TARGET	295131*1
204606	LGuard_ReA_L50	0	34	100	TARGET	295131*1
204608	LGuard_ReA_L50	0	34	100	TARGET	295131*1
204629	LGuard_WhA_L50	0	34	100	SELF	295135*1
204646	LGuard_WhA_L53	0	34	100	SELF	207622*1
204654	LGuard_RhB_L52	0	34	100	TARGET	207636*3
204654	LGuard_RhB_L52	36	70	100	TARGET	207636*2
204701	DGuard_PhA_L53	0	34	50	SELF	207694*3,207695*2
204701	DGuard_PhA_L53	36	70	50	SELF	207694*2,207695*1
204701	DGuard_PhA_L53	71	100	50	SELF	207694*2
204703	DGuard_WhA_L53	0	34	100	SELF	207627*1
204707	DGuard_RhA_L53	0	34	100	SELF	207691*2,207690*3
204707	DGuard_RhA_L53	36	70	100	TARGET	207690*3
204711	DGuard_RhA_L50	0	34	100	SELF	295143*2,295142*3
204711	DGuard_RhA_L50	36	70	100	TARGET	295142*3
204713	DGuard_RhA_L50	0	34	100	SELF	295143*2,295142*3
204713	DGuard_RhA_L50	36	70	100	TARGET	295142*3
204743	DGuard_ReA_L50	0	34	100	TARGET	295142*1
204763	DGuard_WhA_L50	0	34	100	SELF	295146*1
204764	DGuard_ReA_L50	0	34	100	TARGET	295142*1
204765	DGuard_ReA_L50	0	34	100	TARGET	295142*1
204768	DGuard_WhA_L50	0	34	100	SELF	295146*1
204774	DGuard_AhA_L53	0	34	100	SELF	207692*2,207693*1
204784	DGuard_WhA_L50	0	34	100	SELF	295146*1
204804	DGuard_ReA_L50	0	34	100	TARGET	295142*1
204816	DGuard_ReA_L50	0	34	100	TARGET	295142*1
204818	DGuard_WhA_L53	0	34	100	SELF	207627*1
205239	DGuard_RhB_L53	0	34	100	TARGET	207690*3
205239	DGuard_RhB_L53	36	70	100	TARGET	207690*2
205535	LGuard_WhA_L60	0	34	100	SELF	296639*1
205581	LGuard_PhB_L55	0	34	50	TARGET	296649*2
205581	LGuard_PhB_L55	0	100	50	TARGET	296648*2
205583	LGuard_PhB_L55	0	34	50	TARGET	296649*2
205583	LGuard_PhB_L55	0	100	50	TARGET	296648*2
205617	DGuard_PhA_L60	0	34	50	SELF	296764*3,296765*2
205617	DGuard_PhA_L60	36	70	50	SELF	296764*2,296765*1
205617	DGuard_PhA_L60	71	100	50	SELF	296764*2
207514	LGuard_ReA	0	34	100	TARGET	294707*1
207515	LGuard_RhB	0	34	100	TARGET	294707*3
207515	LGuard_RhB	36	70	100	TARGET	294707*2
207520	LGuard_Kimeia	0	24	100	SELF	207549*1,207550*1,207551*1
207520	LGuard_Kimeia	26	50	100	SELF	207549*1,207550*1
207520	LGuard_Kimeia	51	75	100	SELF	207549*1
207523	LGuard_PhB	0	34	50	TARGET	294737*2
207523	LGuard_PhB	0	100	50	TARGET	294734*2
207556	LGuard_ReA_L50	0	34	100	TARGET	295131*1
207557	LGuard_RhA_L50	0	34	100	SELF	295132*2,295131*3
207557	LGuard_RhA_L50	36	70	100	TARGET	295131*3
207566	LGuard_PhA_L50	0	34	50	SELF	295140*3,295141*2
207566	LGuard_PhA_L50	36	70	50	SELF	295140*2,295141*1
207566	LGuard_PhA_L50	71	100	50	SELF	295140*2
207571	LGuard_ReA_L50	0	34	100	TARGET	295131*1
207572	LGuard_RhA_L50	0	34	100	SELF	295132*2,295131*3
207572	LGuard_RhA_L50	36	70	100	TARGET	295131*3
207581	LGuard_PhA_L50	0	34	50	SELF	295140*3,295141*2
207581	LGuard_PhA_L50	36	70	50	SELF	295140*2,295141*1
207581	LGuard_PhA_L50	71	100	50	SELF	295140*2
207586	DGuard_ReA_L50	0	34	100	TARGET	295142*1
207587	DGuard_RhA_L50	0	34	100	SELF	295143*2,295142*3
207587	DGuard_RhA_L50	36	70	100	TARGET	295142*3
207596	DGuard_PhA_L50	0	34	50	SELF	295151*3,295152*2
207596	DGuard_PhA_L50	36	70	50	SELF	295151*2,295152*1
207596	DGuard_PhA_L50	71	100	50	SELF	295151*2
207601	DGuard_ReA_L50	0	34	100	TARGET	295142*1
207602	DGuard_RhA_L50	0	34	100	SELF	295143*2,295142*3
207602	DGuard_RhA_L50	36	70	100	TARGET	295142*3
207611	DGuard_PhA_L50	0	34	50	SELF	295151*3,295152*2
207611	DGuard_PhA_L50	36	70	50	SELF	295151*2,295152*1
207611	DGuard_PhA_L50	71	100	50	SELF	295151*2
207651	LGuard_ReA_L41	0	34	100	TARGET	207632*1
207652	LGuard_RhB_L42	0	34	100	TARGET	207633*3
207652	LGuard_RhB_L42	36	70	100	TARGET	207633*2
207657	LGuard_ReA_L51	0	34	100	TARGET	207635*1
207658	LGuard_RhB_L52	0	34	100	TARGET	207636*3
207658	LGuard_RhB_L52	36	70	100	TARGET	207636*2
207663	DGuard_ReA_L41	0	34	100	TARGET	207637*1
207664	DGuard_RhB_L42	0	34	100	TARGET	207638*3
207664	DGuard_RhB_L42	36	70	100	TARGET	207638*2
207669	DGuard_ReA_L51	0	34	100	TARGET	207640*1
207670	DGuard_RhB_L52	0	34	100	TARGET	207641*3
207670	DGuard_RhB_L52	36	70	100	TARGET	207641*2
207749	LGuard_ReA	0	34	100	TARGET	294707*1
207750	LGuard_ReA_L45	0	34	100	TARGET	207812*1
207751	LGuard_ReA_L50	0	34	100	TARGET	295131*1
207752	LGuard_RhB	0	34	100	TARGET	294707*3
207752	LGuard_RhB	36	70	100	TARGET	294707*2
207753	LGuard_RhB_L45	0	34	100	TARGET	207812*3
207753	LGuard_RhB_L45	36	70	100	TARGET	207812*2
207754	LGuard_RhB_L50	0	34	100	TARGET	295131*3
207754	LGuard_RhB_L50	36	70	100	TARGET	295131*2
207755	LGuard_RhA_L50	0	34	100	SELF	295132*2,295131*3
207755	LGuard_RhA_L50	36	70	100	TARGET	295131*3
207762	LGuard_AhA_L50	0	34	100	SELF	295133*2,295134*1
207769	LGuard_WhA_L50	0	34	100	SELF	295135*1
207773	LGuard_PhB	0	34	50	TARGET	294737*2
207773	LGuard_PhB	0	100	50	TARGET	294734*2
207774	LGuard_PhB_L45	0	34	50	TARGET	207822*2
207774	LGuard_PhB_L45	0	100	50	TARGET	207821*2
207775	LGuard_PhB_L50	0	34	50	TARGET	295141*2
207775	LGuard_PhB_L50	0	100	50	TARGET	295141*2
207776	LGuard_PhA	0	34	50	SELF	294734*3,294737*2
207776	LGuard_PhA	36	70	50	SELF	294734*2,294737*1
207776	LGuard_PhA	71	100	50	SELF	294734*2
207784	DGuard_ReA	0	34	100	SELF	294740*1
207785	DGuard_ReA_L45	0	34	100	TARGET	207823*1
207786	DGuard_ReA_L50	0	34	100	TARGET	295142*1
207787	DGuard_RhB	0	34	100	TARGET	294740*3
207787	DGuard_RhB	36	70	100	TARGET	294740*2
207788	DGuard_RhB_L45	0	34	100	TARGET	207823*3
207788	DGuard_RhB_L45	36	70	100	TARGET	207823*2
207789	DGuard_RhB_L50	0	34	100	TARGET	295142*3
207789	DGuard_RhB_L50	36	70	100	TARGET	295142*2
207790	DGuard_RhA_L50	0	34	100	SELF	295143*2,295142*3
207790	DGuard_RhA_L50	36	70	100	TARGET	295142*3
207797	DGuard_AhA_L50	0	34	100	SELF	295144*2,295145*1
207804	DGuard_WhA_L50	0	34	100	SELF	295146*1
207808	DGuard_PhB	0	34	50	TARGET	294770*2
207808	DGuard_PhB	0	100	50	TARGET	294767*2
207809	DGuard_PhB_L45	0	34	50	TARGET	207833*2
207809	DGuard_PhB_L45	0	100	50	TARGET	207832*2
207810	DGuard_PhB_L50	0	34	50	TARGET	295152*2
207810	DGuard_PhB_L50	0	100	50	TARGET	295152*2
207811	DGuard_PhA	0	34	50	SELF	294767*3,294770*2
207811	DGuard_PhA	36	70	50	SELF	294767*2,294770*1
207811	DGuard_PhA	71	100	50	SELF	294767*2
207849	LGuard_ReA_L45	0	34	100	TARGET	207812*1
207850	LGuard_RhA_L45	0	34	100	SELF	207813*2,207812*3
207850	LGuard_RhA_L45	36	70	100	TARGET	207812*3
207859	LGuard_PhA_L45	0	34	50	SELF	207821*3,207822*2
207859	LGuard_PhA_L45	36	70	50	SELF	207821*2,207822*1
207859	LGuard_PhA_L45	71	100	50	SELF	207821*2
207864	DGuard_ReA_L45	0	34	100	TARGET	207823*1
207865	DGuard_RhA_L45	0	34	100	SELF	207824*2,207823*3
207865	DGuard_RhA_L45	36	70	100	TARGET	207823*3
207874	DGuard_PhA_L45	0	34	50	SELF	207832*3,207833*2
207874	DGuard_PhA_L45	36	70	50	SELF	207832*2,207833*1
207874	DGuard_PhA_L45	71	100	50	SELF	207832*2
207875	DGuard_ReA_L50	0	34	100	TARGET	295142*1
207876	DGuard_RhB_L50	0	34	100	TARGET	295142*3
207876	DGuard_RhB_L50	36	70	100	TARGET	295142*2
207946	LGuard_RhB_L45	0	34	100	TARGET	207812*3
207946	LGuard_RhB_L45	36	70	100	TARGET	207812*2
207947	LGuard_RhB_L45	0	34	100	TARGET	207812*3
207947	LGuard_RhB_L45	36	70	100	TARGET	207812*2
209013	LGuard_ReA_L55	0	34	100	TARGET	296617*1
209014	LGuard_ReA_L56	0	34	100	TARGET	296618*1
209015	LGuard_RhB_L53	0	34	100	TARGET	207684*3
209015	LGuard_RhB_L53	36	70	100	TARGET	207684*2
209016	LGuard_RhB_L55	0	34	100	TARGET	296617*3
209016	LGuard_RhB_L55	36	70	100	TARGET	296617*2
209017	LGuard_RhA_L56	0	34	100	SELF	207698*2,207697*3
209017	LGuard_RhA_L56	36	70	100	TARGET	207697*3
209018	LGuard_RhA_L57	0	34	100	SELF	296623*2,296619*3
209018	LGuard_RhA_L57	36	70	100	TARGET	296619*3
209019	LGuard_RhA_L57	0	34	100	SELF	296623*2,296619*3
209019	LGuard_RhA_L57	36	70	100	TARGET	296619*3
209027	LGuard_AhA_L56	0	34	100	SELF	296626*2,296627*1
209028	LGuard_AhA_L57	0	34	100	SELF	296628*2,296629*1
209029	LGuard_AhA_L57	0	34	100	SELF	296628*2,296629*1
209037	LGuard_WhA_L56	0	34	100	SELF	207699*1
209038	LGuard_WhA_L57	0	34	100	SELF	296634*1
209039	LGuard_WhA_L57	0	34	100	SELF	296634*1
209045	LGuard_PhB_L53	0	34	50	TARGET	296645*2
209045	LGuard_PhB_L53	0	100	50	TARGET	296644*2
209046	LGuard_PhB_L55	0	34	50	TARGET	296649*2
209046	LGuard_PhB_L55	0	100	50	TARGET	296648*2
209047	LGuard_PhA_L56	0	34	50	SELF	207709*3,207710*2
209047	LGuard_PhA_L56	36	70	50	SELF	207709*2,207710*1
209047	LGuard_PhA_L56	71	100	50	SELF	207709*2
209048	LGuard_PhA_L57	0	34	50	SELF	296650*3,296651*2
209048	LGuard_PhA_L57	36	70	50	SELF	296650*2,296651*1
209048	LGuard_PhA_L57	71	100	50	SELF	296650*2
209049	LGuard_PhA_L57	0	34	50	SELF	296650*3,296651*2
209049	LGuard_PhA_L57	36	70	50	SELF	296650*2,296651*1
209049	LGuard_PhA_L57	71	100	50	SELF	296650*2
209055	LGuard_RhB_L53	0	34	100	TARGET	207684*3
209055	LGuard_RhB_L53	36	70	100	TARGET	207684*2
209056	LGuard_RhB_L55	0	34	100	TARGET	296617*3
209056	LGuard_RhB_L55	36	70	100	TARGET	296617*2
209057	LGuard_RhA_L56	0	34	100	SELF	207698*2,207697*3
209057	LGuard_RhA_L56	36	70	100	TARGET	207697*3
209058	LGuard_RhA_L57	0	34	100	SELF	296623*2,296619*3
209058	LGuard_RhA_L57	36	70	100	TARGET	296619*3
209059	LGuard_RhA_L57	0	34	100	SELF	296623*2,296619*3
209059	LGuard_RhA_L57	36	70	100	TARGET	296619*3
209062	LGuard_AhA_L56	0	34	100	SELF	296626*2,296627*1
209063	LGuard_AhA_L57	0	34	100	SELF	296628*2,296629*1
209064	LGuard_AhA_L57	0	34	100	SELF	296628*2,296629*1
209067	LGuard_WhA_L56	0	34	100	SELF	207699*1
209068	LGuard_WhA_L57	0	34	100	SELF	296634*1
209069	LGuard_WhA_L57	0	34	100	SELF	296634*1
209070	LGuard_PhB_L53	0	34	50	TARGET	296645*2
209070	LGuard_PhB_L53	0	100	50	TARGET	296644*2
209071	LGuard_PhB_L55	0	34	50	TARGET	296649*2
209071	LGuard_PhB_L55	0	100	50	TARGET	296648*2
209072	LGuard_PhA_L56	0	34	50	SELF	207709*3,207710*2
209072	LGuard_PhA_L56	36	70	50	SELF	207709*2,207710*1
209072	LGuard_PhA_L56	71	100	50	SELF	207709*2
209073	LGuard_PhA_L57	0	34	50	SELF	296650*3,296651*2
209073	LGuard_PhA_L57	36	70	50	SELF	296650*2,296651*1
209073	LGuard_PhA_L57	71	100	50	SELF	296650*2
209074	LGuard_PhA_L57	0	34	50	SELF	296650*3,296651*2
209074	LGuard_PhA_L57	36	70	50	SELF	296650*2,296651*1
209074	LGuard_PhA_L57	71	100	50	SELF	296650*2
209106	LGuard_RhB_L53	0	34	100	TARGET	207684*3
209106	LGuard_RhB_L53	36	70	100	TARGET	207684*2
209107	LGuard_RhB_L54	0	34	100	TARGET	296616*3
209107	LGuard_RhB_L54	36	70	100	TARGET	296616*2
209108	LGuard_RhB_L55	0	34	100	TARGET	296617*3
209108	LGuard_RhB_L55	36	70	100	TARGET	296617*2
209109	LGuard_RhA_L56	0	34	100	SELF	207698*2,207697*3
209109	LGuard_RhA_L56	36	70	100	TARGET	207697*3
209110	LGuard_RhA_L57	0	34	100	SELF	296623*2,296619*3
209110	LGuard_RhA_L57	36	70	100	TARGET	296619*3
209111	LGuard_RhA_L57	0	34	100	SELF	296623*2,296619*3
209111	LGuard_RhA_L57	36	70	100	TARGET	296619*3
209115	LGuard_AhA_L56	0	34	100	SELF	296626*2,296627*1
209116	LGuard_AhA_L57	0	34	100	SELF	296628*2,296629*1
209117	LGuard_AhA_L57	0	34	100	SELF	296628*2,296629*1
209121	LGuard_WhA_L56	0	34	100	SELF	207699*1
209122	LGuard_WhA_L57	0	34	100	SELF	296634*1
209123	LGuard_WhA_L57	0	34	100	SELF	296634*1
209124	LGuard_PhB_L53	0	34	50	TARGET	296645*2
209124	LGuard_PhB_L53	0	100	50	TARGET	296644*2
209125	LGuard_PhB_L54	0	34	50	TARGET	296647*2
209125	LGuard_PhB_L54	0	100	50	TARGET	296646*2
209126	LGuard_PhB_L55	0	34	50	TARGET	296649*2
209126	LGuard_PhB_L55	0	100	50	TARGET	296648*2
209127	LGuard_PhA_L56	0	34	50	SELF	207709*3,207710*2
209127	LGuard_PhA_L56	36	70	50	SELF	207709*2,207710*1
209127	LGuard_PhA_L56	71	100	50	SELF	207709*2
209128	LGuard_PhA_L57	0	34	50	SELF	296650*3,296651*2
209128	LGuard_PhA_L57	36	70	50	SELF	296650*2,296651*1
209128	LGuard_PhA_L57	71	100	50	SELF	296650*2
209129	LGuard_PhA_L57	0	34	50	SELF	296650*3,296651*2
209129	LGuard_PhA_L57	36	70	50	SELF	296650*2,296651*1
209129	LGuard_PhA_L57	71	100	50	SELF	296650*2
209130	LGuard_RhB_L53	0	34	100	TARGET	207684*3
209130	LGuard_RhB_L53	36	70	100	TARGET	207684*2
209131	LGuard_RhB_L54	0	34	100	TARGET	296616*3
209131	LGuard_RhB_L54	36	70	100	TARGET	296616*2
209132	LGuard_RhB_L55	0	34	100	TARGET	296617*3
209132	LGuard_RhB_L55	36	70	100	TARGET	296617*2
209133	LGuard_RhA_L56	0	34	100	SELF	207698*2,207697*3
209133	LGuard_RhA_L56	36	70	100	TARGET	207697*3
209134	LGuard_RhA_L57	0	34	100	SELF	296623*2,296619*3
209134	LGuard_RhA_L57	36	70	100	TARGET	296619*3
209135	LGuard_RhA_L57	0	34	100	SELF	296623*2,296619*3
209135	LGuard_RhA_L57	36	70	100	TARGET	296619*3
209139	LGuard_WhA_L56	0	34	100	SELF	207699*1
209140	LGuard_WhA_L57	0	34	100	SELF	296634*1
209141	LGuard_WhA_L57	0	34	100	SELF	296634*1
209142	LGuard_RhB_L53	0	34	100	TARGET	207684*3
209142	LGuard_RhB_L53	36	70	100	TARGET	207684*2
209143	LGuard_RhB_L54	0	34	100	TARGET	296616*3
209143	LGuard_RhB_L54	36	70	100	TARGET	296616*2
209144	LGuard_RhB_L55	0	34	100	TARGET	296617*3
209144	LGuard_RhB_L55	36	70	100	TARGET	296617*2
209145	LGuard_RhA_L56	0	34	100	SELF	207698*2,207697*3
209145	LGuard_RhA_L56	36	70	100	TARGET	207697*3
209146	LGuard_RhA_L57	0	34	100	SELF	296623*2,296619*3
209146	LGuard_RhA_L57	36	70	100	TARGET	296619*3
209147	LGuard_RhA_L57	0	34	100	SELF	296623*2,296619*3
209147	LGuard_RhA_L57	36	70	100	TARGET	296619*3
209151	LGuard_WhA_L56	0	34	100	SELF	207699*1
209152	LGuard_WhA_L57	0	34	100	SELF	296634*1
209153	LGuard_WhA_L57	0	34	100	SELF	296634*1
209213	DGuard_ReA_L55	0	34	100	TARGET	296727*1
209214	DGuard_ReA_L56	0	34	100	TARGET	296728*1
209215	DGuard_RhB_L53	0	34	100	TARGET	207690*3
209215	DGuard_RhB_L53	36	70	100	TARGET	207690*2
209216	DGuard_RhB_L55	0	34	100	TARGET	296727*3
209216	DGuard_RhB_L55	36	70	100	TARGET	296727*2
209217	DGuard_RhA_L56	0	34	100	SELF	296732*2,296728*3
209217	DGuard_RhA_L56	36	70	100	TARGET	296728*3
209218	DGuard_RhA_L57	0	34	100	SELF	296733*2,296729*3
209218	DGuard_RhA_L57	36	70	100	TARGET	296729*3
209219	DGuard_RhA_L57	0	34	100	SELF	296733*2,296729*3
209219	DGuard_RhA_L57	36	70	100	TARGET	296729*3
209227	DGuard_AhA_L56	0	34	100	SELF	296736*2,296737*1
209228	DGuard_AhA_L57	0	34	100	SELF	296738*2,296739*1
209229	DGuard_AhA_L57	0	34	100	SELF	296738*2,296739*1
209237	DGuard_WhA_L56	0	34	100	SELF	207712*1
209238	DGuard_WhA_L57	0	34	100	SELF	296744*1
209239	DGuard_WhA_L57	0	34	100	SELF	296744*1
209245	DGuard_PhB_L53	0	34	50	TARGET	296755*2
209245	DGuard_PhB_L53	0	100	50	TARGET	296754*2
209246	DGuard_PhB_L55	0	34	50	TARGET	296759*2
209246	DGuard_PhB_L55	0	100	50	TARGET	296758*2
209247	DGuard_PhA_L56	0	34	50	SELF	207722*3,207723*2
209247	DGuard_PhA_L56	36	70	50	SELF	207722*2,207723*1
209247	DGuard_PhA_L56	71	100	50	SELF	207722*2
209248	DGuard_PhA_L57	0	34	50	SELF	296760*3,296761*2
209248	DGuard_PhA_L57	36	70	50	SELF	296760*2,296761*1
209248	DGuard_PhA_L57	71	100	50	SELF	296760*2
209249	DGuard_PhA_L57	0	34	50	SELF	296760*3,296761*2
209249	DGuard_PhA_L57	36	70	50	SELF	296760*2,296761*1
209249	DGuard_PhA_L57	71	100	50	SELF	296760*2
209255	DGuard_RhB_L53	0	34	100	TARGET	207690*3
209255	DGuard_RhB_L53	36	70	100	TARGET	207690*2
209256	DGuard_RhB_L55	0	34	100	TARGET	296727*3
209256	DGuard_RhB_L55	36	70	100	TARGET	296727*2
209257	DGuard_RhA_L56	0	34	100	SELF	296732*2,296728*3
209257	DGuard_RhA_L56	36	70	100	TARGET	296728*3
209258	DGuard_RhA_L57	0	34	100	SELF	296733*2,296729*3
209258	DGuard_RhA_L57	36	70	100	TARGET	296729*3
209259	DGuard_RhA_L57	0	34	100	SELF	296733*2,296729*3
209259	DGuard_RhA_L57	36	70	100	TARGET	296729*3
209262	DGuard_AhA_L56	0	34	100	SELF	296736*2,296737*1
209263	DGuard_AhA_L57	0	34	100	SELF	296738*2,296739*1
209264	DGuard_AhA_L57	0	34	100	SELF	296738*2,296739*1
209267	DGuard_WhA_L56	0	34	100	SELF	207712*1
209268	DGuard_WhA_L57	0	34	100	SELF	296744*1
209269	DGuard_WhA_L57	0	34	100	SELF	296744*1
209270	DGuard_PhB_L53	0	34	50	TARGET	296755*2
209270	DGuard_PhB_L53	0	100	50	TARGET	296754*2
209271	DGuard_PhB_L55	0	34	50	TARGET	296759*2
209271	DGuard_PhB_L55	0	100	50	TARGET	296758*2
209272	DGuard_PhA_L56	0	34	50	SELF	207722*3,207723*2
209272	DGuard_PhA_L56	36	70	50	SELF	207722*2,207723*1
209272	DGuard_PhA_L56	71	100	50	SELF	207722*2
209273	DGuard_PhA_L57	0	34	50	SELF	296760*3,296761*2
209273	DGuard_PhA_L57	36	70	50	SELF	296760*2,296761*1
209273	DGuard_PhA_L57	71	100	50	SELF	296760*2
209274	DGuard_PhA_L57	0	34	50	SELF	296760*3,296761*2
209274	DGuard_PhA_L57	36	70	50	SELF	296760*2,296761*1
209274	DGuard_PhA_L57	71	100	50	SELF	296760*2
209306	DGuard_RhB_L53	0	34	100	TARGET	207690*3
209306	DGuard_RhB_L53	36	70	100	TARGET	207690*2
209307	DGuard_RhB_L54	0	34	100	TARGET	296726*3
209307	DGuard_RhB_L54	36	70	100	TARGET	296726*2
209308	DGuard_RhB_L55	0	34	100	TARGET	296727*3
209308	DGuard_RhB_L55	36	70	100	TARGET	296727*2
209309	DGuard_RhA_L56	0	34	100	SELF	296732*2,296728*3
209309	DGuard_RhA_L56	36	70	100	TARGET	296728*3
209310	DGuard_RhA_L57	0	34	100	SELF	296733*2,296729*3
209310	DGuard_RhA_L57	36	70	100	TARGET	296729*3
209311	DGuard_RhA_L57	0	34	100	SELF	296733*2,296729*3
209311	DGuard_RhA_L57	36	70	100	TARGET	296729*3
209315	DGuard_AhA_L56	0	34	100	SELF	296736*2,296737*1
209316	DGuard_AhA_L57	0	34	100	SELF	296738*2,296739*1
209317	DGuard_AhA_L57	0	34	100	SELF	296738*2,296739*1
209321	DGuard_WhA_L56	0	34	100	SELF	207712*1
209322	DGuard_WhA_L57	0	34	100	SELF	296744*1
209323	DGuard_WhA_L57	0	34	100	SELF	296744*1
209324	DGuard_PhB_L53	0	34	50	TARGET	296755*2
209324	DGuard_PhB_L53	0	100	50	TARGET	296754*2
209325	DGuard_PhB_L54	0	34	50	TARGET	296757*2
209325	DGuard_PhB_L54	0	100	50	TARGET	296756*2
209326	DGuard_PhB_L55	0	34	50	TARGET	296759*2
209326	DGuard_PhB_L55	0	100	50	TARGET	296758*2
209327	DGuard_PhA_L56	0	34	50	SELF	207722*3,207723*2
209327	DGuard_PhA_L56	36	70	50	SELF	207722*2,207723*1
209327	DGuard_PhA_L56	71	100	50	SELF	207722*2
209328	DGuard_PhA_L57	0	34	50	SELF	296760*3,296761*2
209328	DGuard_PhA_L57	36	70	50	SELF	296760*2,296761*1
209328	DGuard_PhA_L57	71	100	50	SELF	296760*2
209329	DGuard_PhA_L57	0	34	50	SELF	296760*3,296761*2
209329	DGuard_PhA_L57	36	70	50	SELF	296760*2,296761*1
209329	DGuard_PhA_L57	71	100	50	SELF	296760*2
209330	DGuard_RhB_L53	0	34	100	TARGET	207690*3
209330	DGuard_RhB_L53	36	70	100	TARGET	207690*2
209331	DGuard_RhB_L54	0	34	100	TARGET	296726*3
209331	DGuard_RhB_L54	36	70	100	TARGET	296726*2
209332	DGuard_RhB_L55	0	34	100	TARGET	296727*3
209332	DGuard_RhB_L55	36	70	100	TARGET	296727*2
209333	DGuard_RhA_L56	0	34	100	SELF	296732*2,296728*3
209333	DGuard_RhA_L56	36	70	100	TARGET	296728*3
209334	DGuard_RhA_L57	0	34	100	SELF	296733*2,296729*3
209334	DGuard_RhA_L57	36	70	100	TARGET	296729*3
209335	DGuard_RhA_L57	0	34	100	SELF	296733*2,296729*3
209335	DGuard_RhA_L57	36	70	100	TARGET	296729*3
209339	DGuard_WhA_L56	0	34	100	SELF	207712*1
209340	DGuard_WhA_L57	0	34	100	SELF	296744*1
209341	DGuard_WhA_L57	0	34	100	SELF	296744*1
209342	DGuard_RhB_L53	0	34	100	TARGET	207690*3
209342	DGuard_RhB_L53	36	70	100	TARGET	207690*2
209343	DGuard_RhB_L54	0	34	100	TARGET	296726*3
209343	DGuard_RhB_L54	36	70	100	TARGET	296726*2
209344	DGuard_RhB_L55	0	34	100	TARGET	296727*3
209344	DGuard_RhB_L55	36	70	100	TARGET	296727*2
209345	DGuard_RhA_L56	0	34	100	SELF	296732*2,296728*3
209345	DGuard_RhA_L56	36	70	100	TARGET	296728*3
209346	DGuard_RhA_L57	0	34	100	SELF	296733*2,296729*3
209346	DGuard_RhA_L57	36	70	100	TARGET	296729*3
209347	DGuard_RhA_L57	0	34	100	SELF	296733*2,296729*3
209347	DGuard_RhA_L57	36	70	100	TARGET	296729*3
209351	DGuard_WhA_L56	0	34	100	SELF	207712*1
209352	DGuard_WhA_L57	0	34	100	SELF	296744*1
209353	DGuard_WhA_L57	0	34	100	SELF	296744*1
209356	LGuard_RhA_L57	0	34	100	SELF	296623*2,296619*3
209356	LGuard_RhA_L57	36	70	100	TARGET	296619*3
209357	LGuard_RhA_L57	0	34	100	SELF	296623*2,296619*3
209357	LGuard_RhA_L57	36	70	100	TARGET	296619*3
209358	LGuard_AhA_L57	0	34	100	SELF	296628*2,296629*1
209359	LGuard_AhA_L57	0	34	100	SELF	296628*2,296629*1
209360	LGuard_WhA_L57	0	34	100	SELF	296634*1
209361	LGuard_WhA_L57	0	34	100	SELF	296634*1
209362	LGuard_PhA_L57	0	34	50	SELF	296650*3,296651*2
209362	LGuard_PhA_L57	36	70	50	SELF	296650*2,296651*1
209362	LGuard_PhA_L57	71	100	50	SELF	296650*2
209363	LGuard_PhA_L57	0	34	50	SELF	296650*3,296651*2
209363	LGuard_PhA_L57	36	70	50	SELF	296650*2,296651*1
209363	LGuard_PhA_L57	71	100	50	SELF	296650*2
209375	DGuard_ReA_L55	0	34	100	TARGET	296727*1
209376	DGuard_ReA_L55	0	34	100	TARGET	296727*1
209379	DGuard_RhA_L57	0	34	100	SELF	296733*2,296729*3
209379	DGuard_RhA_L57	36	70	100	TARGET	296729*3
209380	DGuard_RhA_L57	0	34	100	SELF	296733*2,296729*3
209380	DGuard_RhA_L57	36	70	100	TARGET	296729*3
209381	DGuard_RhA_L57	0	34	100	SELF	296733*2,296729*3
209381	DGuard_RhA_L57	36	70	100	TARGET	296729*3
209382	DGuard_RhA_L57	0	34	100	SELF	296733*2,296729*3
209382	DGuard_RhA_L57	36	70	100	TARGET	296729*3
209385	DGuard_ReA_L55	0	34	100	TARGET	296727*1
209386	DGuard_ReA_L55	0	34	100	TARGET	296727*1
209389	DGuard_RhA_L57	0	34	100	SELF	296733*2,296729*3
209389	DGuard_RhA_L57	36	70	100	TARGET	296729*3
209390	DGuard_RhA_L57	0	34	100	SELF	296733*2,296729*3
209390	DGuard_RhA_L57	36	70	100	TARGET	296729*3
209391	DGuard_RhA_L57	0	34	100	SELF	296733*2,296729*3
209391	DGuard_RhA_L57	36	70	100	TARGET	296729*3
209392	DGuard_RhA_L57	0	34	100	SELF	296733*2,296729*3
209392	DGuard_RhA_L57	36	70	100	TARGET	296729*3
209395	DGuard_ReA_L55	0	34	100	TARGET	296727*1
209396	DGuard_ReA_L55	0	34	100	TARGET	296727*1
209399	DGuard_RhA_L57	0	34	100	SELF	296733*2,296729*3
209399	DGuard_RhA_L57	36	70	100	TARGET	296729*3
209400	DGuard_RhA_L57	0	34	100	SELF	296733*2,296729*3
209400	DGuard_RhA_L57	36	70	100	TARGET	296729*3
209401	DGuard_RhA_L57	0	34	100	SELF	296733*2,296729*3
209401	DGuard_RhA_L57	36	70	100	TARGET	296729*3
209402	DGuard_RhA_L57	0	34	100	SELF	296733*2,296729*3
209402	DGuard_RhA_L57	36	70	100	TARGET	296729*3
257036	LGuard_WsB	0	100	33	TARGET	296470*1
257037	DGuard_WsB	0	100	33	TARGET	296483*1
257039	LGuard_PsA	0	100	50	SELF	296473*1
257039	LGuard_PsA	0	100	100	SELF	296474*1
257040	DGuard_PsA	0	100	50	SELF	296486*1
257040	DGuard_PsA	0	100	100	SELF	296487*1
257048	LGuard_RhB_L55	0	34	100	TARGET	296617*3
257048	LGuard_RhB_L55	36	70	100	TARGET	296617*2
257049	DGuard_RhB_L55	0	34	100	TARGET	296727*3
257049	DGuard_RhB_L55	36	70	100	TARGET	296727*2
257054	LGuard_PhB_L55	0	34	50	TARGET	296649*2
257054	LGuard_PhB_L55	0	100	50	TARGET	296648*2
257055	DGuard_PhB_L55	0	34	50	TARGET	296759*2
257055	DGuard_PhB_L55	0	100	50	TARGET	296758*2
257063	LGuard_ReA_L55	0	34	100	TARGET	296617*1
257064	DGuard_ReA_L55	0	34	100	TARGET	296727*1
257078	LGuard_RhB_L55	0	34	100	TARGET	296617*3
257078	LGuard_RhB_L55	36	70	100	TARGET	296617*2
257079	DGuard_RhB_L55	0	34	100	TARGET	296727*3
257079	DGuard_RhB_L55	36	70	100	TARGET	296727*2
257084	LGuard_PhB_L55	0	34	50	TARGET	296649*2
257084	LGuard_PhB_L55	0	100	50	TARGET	296648*2
257085	DGuard_PhB_L55	0	34	50	TARGET	296759*2
257085	DGuard_PhB_L55	0	100	50	TARGET	296758*2
257093	LGuard_ReA_L55	0	34	100	TARGET	296617*1
257094	DGuard_ReA_L55	0	34	100	TARGET	296727*1
257123	LGuard_ReA_L55	0	34	100	TARGET	296617*1
257124	DGuard_ReA_L55	0	34	100	TARGET	296727*1
257168	LGuard_ReA_L55	0	34	100	TARGET	296617*1
257169	DGuard_ReA_L55	0	34	100	TARGET	296727*1
257336	LGuard_WsB	0	100	33	TARGET	296470*1
257337	DGuard_WsB	0	100	33	TARGET	296483*1
257339	LGuard_PsA	0	100	50	SELF	296473*1
257339	LGuard_PsA	0	100	100	SELF	296474*1
257340	DGuard_PsA	0	100	50	SELF	296486*1
257340	DGuard_PsA	0	100	100	SELF	296487*1
257348	LGuard_RhB_L55	0	34	100	TARGET	296617*3
257348	LGuard_RhB_L55	36	70	100	TARGET	296617*2
257349	DGuard_RhB_L55	0	34	100	TARGET	296727*3
257349	DGuard_RhB_L55	36	70	100	TARGET	296727*2
257354	LGuard_PhB_L55	0	34	50	TARGET	296649*2
257354	LGuard_PhB_L55	0	100	50	TARGET	296648*2
257355	DGuard_PhB_L55	0	34	50	TARGET	296759*2
257355	DGuard_PhB_L55	0	100	50	TARGET	296758*2
257363	LGuard_ReA_L55	0	34	100	TARGET	296617*1
257364	DGuard_ReA_L55	0	34	100	TARGET	296727*1
257378	LGuard_RhB_L55	0	34	100	TARGET	296617*3
257378	LGuard_RhB_L55	36	70	100	TARGET	296617*2
257379	DGuard_RhB_L55	0	34	100	TARGET	296727*3
257379	DGuard_RhB_L55	36	70	100	TARGET	296727*2
257384	LGuard_PhB_L55	0	34	50	TARGET	296649*2
257384	LGuard_PhB_L55	0	100	50	TARGET	296648*2
257385	DGuard_PhB_L55	0	34	50	TARGET	296759*2
257385	DGuard_PhB_L55	0	100	50	TARGET	296758*2
257393	LGuard_ReA_L55	0	34	100	TARGET	296617*1
257394	DGuard_ReA_L55	0	34	100	TARGET	296727*1
257423	LGuard_ReA_L55	0	34	100	TARGET	296617*1
257424	DGuard_ReA_L55	0	34	100	TARGET	296727*1
257468	LGuard_ReA_L55	0	34	100	TARGET	296617*1
257469	DGuard_ReA_L55	0	34	100	TARGET	296727*1
257636	LGuard_WsB	0	100	33	TARGET	296470*1
257637	DGuard_WsB	0	100	33	TARGET	296483*1
257639	LGuard_PsA	0	100	50	SELF	296473*1
257639	LGuard_PsA	0	100	100	SELF	296474*1
257640	DGuard_PsA	0	100	50	SELF	296486*1
257640	DGuard_PsA	0	100	100	SELF	296487*1
257648	LGuard_RhB_L55	0	34	100	TARGET	296617*3
257648	LGuard_RhB_L55	36	70	100	TARGET	296617*2
257649	DGuard_RhB_L55	0	34	100	TARGET	296727*3
257649	DGuard_RhB_L55	36	70	100	TARGET	296727*2
257654	LGuard_PhB_L55	0	34	50	TARGET	296649*2
257654	LGuard_PhB_L55	0	100	50	TARGET	296648*2
257655	DGuard_PhB_L55	0	34	50	TARGET	296759*2
257655	DGuard_PhB_L55	0	100	50	TARGET	296758*2
257663	LGuard_ReA_L55	0	34	100	TARGET	296617*1
257664	DGuard_ReA_L55	0	34	100	TARGET	296727*1
257678	LGuard_RhB_L55	0	34	100	TARGET	296617*3
257678	LGuard_RhB_L55	36	70	100	TARGET	296617*2
257679	DGuard_RhB_L55	0	34	100	TARGET	296727*3
257679	DGuard_RhB_L55	36	70	100	TARGET	296727*2
257684	LGuard_PhB_L55	0	34	50	TARGET	296649*2
257684	LGuard_PhB_L55	0	100	50	TARGET	296648*2
257685	DGuard_PhB_L55	0	34	50	TARGET	296759*2
257685	DGuard_PhB_L55	0	100	50	TARGET	296758*2
257693	LGuard_ReA_L55	0	34	100	TARGET	296617*1
257694	DGuard_ReA_L55	0	34	100	TARGET	296727*1
257723	LGuard_ReA_L55	0	34	100	TARGET	296617*1
257724	DGuard_ReA_L55	0	34	100	TARGET	296727*1
257768	LGuard_ReA_L55	0	34	100	TARGET	296617*1
257769	DGuard_ReA_L55	0	34	100	TARGET	296727*1
257936	LGuard_WsB	0	100	33	TARGET	296470*1
257937	DGuard_WsB	0	100	33	TARGET	296483*1
257939	LGuard_PsA	0	100	50	SELF	296473*1
257939	LGuard_PsA	0	100	100	SELF	296474*1
257940	DGuard_PsA	0	100	50	SELF	296486*1
257940	DGuard_PsA	0	100	100	SELF	296487*1
257948	LGuard_RhB_L55	0	34	100	TARGET	296617*3
257948	LGuard_RhB_L55	36	70	100	TARGET	296617*2
257949	DGuard_RhB_L55	0	34	100	TARGET	296727*3
257949	DGuard_RhB_L55	36	70	100	TARGET	296727*2
257954	LGuard_PhB_L55	0	34	50	TARGET	296649*2
257954	LGuard_PhB_L55	0	100	50	TARGET	296648*2
257955	DGuard_PhB_L55	0	34	50	TARGET	296759*2
257955	DGuard_PhB_L55	0	100	50	TARGET	296758*2
257963	LGuard_ReA_L55	0	34	100	TARGET	296617*1
257964	DGuard_ReA_L55	0	34	100	TARGET	296727*1
257978	LGuard_RhB_L55	0	34	100	TARGET	296617*3
257978	LGuard_RhB_L55	36	70	100	TARGET	296617*2
257979	DGuard_RhB_L55	0	34	100	TARGET	296727*3
257979	DGuard_RhB_L55	36	70	100	TARGET	296727*2
257984	LGuard_PhB_L55	0	34	50	TARGET	296649*2
257984	LGuard_PhB_L55	0	100	50	TARGET	296648*2
257985	DGuard_PhB_L55	0	34	50	TARGET	296759*2
257985	DGuard_PhB_L55	0	100	50	TARGET	296758*2
257993	LGuard_ReA_L55	0	34	100	TARGET	296617*1
257994	DGuard_ReA_L55	0	34	100	TARGET	296727*1
258023	LGuard_ReA_L55	0	34	100	TARGET	296617*1
258024	DGuard_ReA_L55	0	34	100	TARGET	296727*1
258068	LGuard_ReA_L55	0	34	100	TARGET	296617*1
258069	DGuard_ReA_L55	0	34	100	TARGET	296727*1
259021	LGuard_ReA_L55	0	34	100	TARGET	296617*1
259022	DGuard_ReA_L55	0	34	100	TARGET	296727*1
259036	LGuard_ReA_L55	0	34	100	TARGET	296617*1
259037	DGuard_ReA_L55	0	34	100	TARGET	296727*1
259221	LGuard_ReA_L55	0	34	100	TARGET	296617*1
259222	DGuard_ReA_L55	0	34	100	TARGET	296727*1
259236	LGuard_ReA_L55	0	34	100	TARGET	296617*1
259237	DGuard_ReA_L55	0	34	100	TARGET	296727*1
259421	LGuard_ReA_L55	0	34	100	TARGET	296617*1
259422	DGuard_ReA_L55	0	34	100	TARGET	296727*1
259436	LGuard_ReA_L55	0	34	100	TARGET	296617*1
259437	DGuard_ReA_L55	0	34	100	TARGET	296727*1
259621	LGuard_ReA_L55	0	34	100	TARGET	296617*1
259622	DGuard_ReA_L55	0	34	100	TARGET	296727*1
259636	LGuard_ReA_L55	0	34	100	TARGET	296617*1
259637	DGuard_ReA_L55	0	34	100	TARGET	296727*1
260090	LGuard_ReA_L50	0	34	100	TARGET	295131*1
260091	LGuard_ReA_L50	0	34	100	TARGET	295131*1
260092	LGuard_ReA_L50	0	34	100	TARGET	295131*1
260093	LGuard_ReA_L50	0	34	100	TARGET	295131*1
260094	LGuard_ReA_L50	0	34	100	TARGET	295131*1
260095	DGuard_ReA_L50	0	34	100	TARGET	295142*1
260096	DGuard_ReA_L50	0	34	100	TARGET	295142*1
260097	DGuard_ReA_L50	0	34	100	TARGET	295142*1
260098	DGuard_ReA_L50	0	34	100	TARGET	295142*1
260099	DGuard_ReA_L50	0	34	100	TARGET	295142*1
260207	LGuard_Shield	0	34	100	TARGET	295074*1
260208	DGuard_Shield	0	34	100	TARGET	295075*1
263091	LGuard_ReA	0	34	100	TARGET	294707*1
263092	LGuard_ReA	0	34	100	TARGET	294707*1
263093	LGuard_ReA	0	34	100	TARGET	294707*1
263094	LGuard_ReA	0	34	100	TARGET	294707*1
263095	LGuard_ReA	0	34	100	TARGET	294707*1
263096	DGuard_ReA	0	34	100	SELF	294740*1
263097	DGuard_ReA	0	34	100	SELF	294740*1
263098	DGuard_ReA	0	34	100	SELF	294740*1
263099	DGuard_ReA	0	34	100	SELF	294740*1
263100	DGuard_ReA	0	34	100	SELF	294740*1
263391	LGuard_ReA	0	34	100	TARGET	294707*1
263392	LGuard_ReA	0	34	100	TARGET	294707*1
263393	LGuard_ReA	0	34	100	TARGET	294707*1
263394	LGuard_ReA	0	34	100	TARGET	294707*1
263395	LGuard_ReA	0	34	100	TARGET	294707*1
263396	DGuard_ReA	0	34	100	SELF	294740*1
263397	DGuard_ReA	0	34	100	SELF	294740*1
263398	DGuard_ReA	0	34	100	SELF	294740*1
263399	DGuard_ReA	0	34	100	SELF	294740*1
263400	DGuard_ReA	0	34	100	SELF	294740*1
264591	LGuard_ReA	0	34	100	TARGET	294707*1
264592	LGuard_ReA	0	34	100	TARGET	294707*1
264593	LGuard_ReA	0	34	100	TARGET	294707*1
264594	LGuard_ReA	0	34	100	TARGET	294707*1
264595	LGuard_ReA	0	34	100	TARGET	294707*1
264596	DGuard_ReA	0	34	100	SELF	294740*1
264597	DGuard_ReA	0	34	100	SELF	294740*1
264598	DGuard_ReA	0	34	100	SELF	294740*1
264599	DGuard_ReA	0	34	100	SELF	294740*1
264600	DGuard_ReA	0	34	100	SELF	294740*1
266391	LGuard_ReA_L50M	0	34	100	TARGET	296061*1
266392	LGuard_ReA_L50M	0	34	100	TARGET	296061*1
266393	LGuard_ReA_L50M	0	34	100	TARGET	296061*1
266394	LGuard_ReA_L50M	0	34	100	TARGET	296061*1
266395	LGuard_ReA_L50M	0	34	100	TARGET	296061*1
266396	DGuard_ReA_L50M	0	34	100	TARGET	296072*1
266397	DGuard_ReA_L50M	0	34	100	TARGET	296072*1
266398	DGuard_ReA_L50M	0	34	100	TARGET	296072*1
266399	DGuard_ReA_L50M	0	34	100	TARGET	296072*1
266400	DGuard_ReA_L50M	0	34	100	TARGET	296072*1
267891	LGuard_ReA_L50M	0	34	100	TARGET	296061*1
267892	LGuard_ReA_L50M	0	34	100	TARGET	296061*1
267893	LGuard_ReA_L50M	0	34	100	TARGET	296061*1
267894	LGuard_ReA_L50M	0	34	100	TARGET	296061*1
267895	LGuard_ReA_L50M	0	34	100	TARGET	296061*1
267896	DGuard_ReA_L50M	0	34	100	TARGET	296072*1
267897	DGuard_ReA_L50M	0	34	100	TARGET	296072*1
267898	DGuard_ReA_L50M	0	34	100	TARGET	296072*1
267899	DGuard_ReA_L50M	0	34	100	TARGET	296072*1
267900	DGuard_ReA_L50M	0	34	100	TARGET	296072*1
269091	LGuard_ReA_L50M	0	34	100	TARGET	296061*1
269092	LGuard_ReA_L50M	0	34	100	TARGET	296061*1
269093	LGuard_ReA_L50M	0	34	100	TARGET	296061*1
269094	LGuard_ReA_L50M	0	34	100	TARGET	296061*1
269095	LGuard_ReA_L50M	0	34	100	TARGET	296061*1
269096	DGuard_ReA_L50M	0	34	100	TARGET	296072*1
269097	DGuard_ReA_L50M	0	34	100	TARGET	296072*1
269098	DGuard_ReA_L50M	0	34	100	TARGET	296072*1
269099	DGuard_ReA_L50M	0	34	100	TARGET	296072*1
269100	DGuard_ReA_L50M	0	34	100	TARGET	296072*1
269991	LGuard_ReA_L50M	0	34	100	TARGET	296061*1
269992	LGuard_ReA_L50M	0	34	100	TARGET	296061*1
269993	LGuard_ReA_L50M	0	34	100	TARGET	296061*1
269994	LGuard_ReA_L50M	0	34	100	TARGET	296061*1
269995	LGuard_ReA_L50M	0	34	100	TARGET	296061*1
269996	DGuard_ReA_L50M	0	34	100	TARGET	296072*1
269997	DGuard_ReA_L50M	0	34	100	TARGET	296072*1
269998	DGuard_ReA_L50M	0	34	100	TARGET	296072*1
269999	DGuard_ReA_L50M	0	34	100	TARGET	296072*1
270000	DGuard_ReA_L50M	0	34	100	TARGET	296072*1
270891	LGuard_ReA_L50M	0	34	100	TARGET	296061*1
270892	LGuard_ReA_L50M	0	34	100	TARGET	296061*1
270893	LGuard_ReA_L50M	0	34	100	TARGET	296061*1
270894	LGuard_ReA_L50M	0	34	100	TARGET	296061*1
270895	LGuard_ReA_L50M	0	34	100	TARGET	296061*1
270896	DGuard_ReA_L50M	0	34	100	TARGET	296072*1
270897	DGuard_ReA_L50M	0	34	100	TARGET	296072*1
270898	DGuard_ReA_L50M	0	34	100	TARGET	296072*1
270899	DGuard_ReA_L50M	0	34	100	TARGET	296072*1
270900	DGuard_ReA_L50M	0	34	100	TARGET	296072*1
271803	LGuard_PhA	0	34	50	SELF	294734*3,294737*2
271803	LGuard_PhA	36	70	50	SELF	294734*2,294737*1
271803	LGuard_PhA	71	100	50	SELF	294734*2
271804	LGuard_PhA	0	34	50	SELF	294734*3,294737*2
271804	LGuard_PhA	36	70	50	SELF	294734*2,294737*1
271804	LGuard_PhA	71	100	50	SELF	294734*2
271805	LGuard_PhA	0	34	50	SELF	294734*3,294737*2
271805	LGuard_PhA	36	70	50	SELF	294734*2,294737*1
271805	LGuard_PhA	71	100	50	SELF	294734*2
271806	LGuard_PhA	0	34	50	SELF	294734*3,294737*2
271806	LGuard_PhA	36	70	50	SELF	294734*2,294737*1
271806	LGuard_PhA	71	100	50	SELF	294734*2
271807	LGuard_PhA	0	34	50	SELF	294734*3,294737*2
271807	LGuard_PhA	36	70	50	SELF	294734*2,294737*1
271807	LGuard_PhA	71	100	50	SELF	294734*2
271808	DGuard_PhA	0	34	50	SELF	294767*3,294770*2
271808	DGuard_PhA	36	70	50	SELF	294767*2,294770*1
271808	DGuard_PhA	71	100	50	SELF	294767*2
271809	DGuard_PhA	0	34	50	SELF	294767*3,294770*2
271809	DGuard_PhA	36	70	50	SELF	294767*2,294770*1
271809	DGuard_PhA	71	100	50	SELF	294767*2
271810	DGuard_PhA	0	34	50	SELF	294767*3,294770*2
271810	DGuard_PhA	36	70	50	SELF	294767*2,294770*1
271810	DGuard_PhA	71	100	50	SELF	294767*2
271811	DGuard_PhA	0	34	50	SELF	294767*3,294770*2
271811	DGuard_PhA	36	70	50	SELF	294767*2,294770*1
271811	DGuard_PhA	71	100	50	SELF	294767*2
271812	DGuard_PhA	0	34	50	SELF	294767*3,294770*2
271812	DGuard_PhA	36	70	50	SELF	294767*2,294770*1
271812	DGuard_PhA	71	100	50	SELF	294767*2
271833	LGuard_PhA	0	34	50	SELF	294734*3,294737*2
271833	LGuard_PhA	36	70	50	SELF	294734*2,294737*1
271833	LGuard_PhA	71	100	50	SELF	294734*2
271834	LGuard_PhA	0	34	50	SELF	294734*3,294737*2
271834	LGuard_PhA	36	70	50	SELF	294734*2,294737*1
271834	LGuard_PhA	71	100	50	SELF	294734*2
271835	LGuard_PhA	0	34	50	SELF	294734*3,294737*2
271835	LGuard_PhA	36	70	50	SELF	294734*2,294737*1
271835	LGuard_PhA	71	100	50	SELF	294734*2
271836	LGuard_PhA	0	34	50	SELF	294734*3,294737*2
271836	LGuard_PhA	36	70	50	SELF	294734*2,294737*1
271836	LGuard_PhA	71	100	50	SELF	294734*2
271837	LGuard_PhA	0	34	50	SELF	294734*3,294737*2
271837	LGuard_PhA	36	70	50	SELF	294734*2,294737*1
271837	LGuard_PhA	71	100	50	SELF	294734*2
271838	DGuard_PhA	0	34	50	SELF	294767*3,294770*2
271838	DGuard_PhA	36	70	50	SELF	294767*2,294770*1
271838	DGuard_PhA	71	100	50	SELF	294767*2
271839	DGuard_PhA	0	34	50	SELF	294767*3,294770*2
271839	DGuard_PhA	36	70	50	SELF	294767*2,294770*1
271839	DGuard_PhA	71	100	50	SELF	294767*2
271840	DGuard_PhA	0	34	50	SELF	294767*3,294770*2
271840	DGuard_PhA	36	70	50	SELF	294767*2,294770*1
271840	DGuard_PhA	71	100	50	SELF	294767*2
271841	DGuard_PhA	0	34	50	SELF	294767*3,294770*2
271841	DGuard_PhA	36	70	50	SELF	294767*2,294770*1
271841	DGuard_PhA	71	100	50	SELF	294767*2
271842	DGuard_PhA	0	34	50	SELF	294767*3,294770*2
271842	DGuard_PhA	36	70	50	SELF	294767*2,294770*1
271842	DGuard_PhA	71	100	50	SELF	294767*2
271863	LGuard_PhA	0	34	50	SELF	294734*3,294737*2
271863	LGuard_PhA	36	70	50	SELF	294734*2,294737*1
271863	LGuard_PhA	71	100	50	SELF	294734*2
271864	LGuard_PhA	0	34	50	SELF	294734*3,294737*2
271864	LGuard_PhA	36	70	50	SELF	294734*2,294737*1
271864	LGuard_PhA	71	100	50	SELF	294734*2
271865	LGuard_PhA	0	34	50	SELF	294734*3,294737*2
271865	LGuard_PhA	36	70	50	SELF	294734*2,294737*1
271865	LGuard_PhA	71	100	50	SELF	294734*2
271866	LGuard_PhA	0	34	50	SELF	294734*3,294737*2
271866	LGuard_PhA	36	70	50	SELF	294734*2,294737*1
271866	LGuard_PhA	71	100	50	SELF	294734*2
271867	LGuard_PhA	0	34	50	SELF	294734*3,294737*2
271867	LGuard_PhA	36	70	50	SELF	294734*2,294737*1
271867	LGuard_PhA	71	100	50	SELF	294734*2
271868	DGuard_PhA	0	34	50	SELF	294767*3,294770*2
271868	DGuard_PhA	36	70	50	SELF	294767*2,294770*1
271868	DGuard_PhA	71	100	50	SELF	294767*2
271869	DGuard_PhA	0	34	50	SELF	294767*3,294770*2
271869	DGuard_PhA	36	70	50	SELF	294767*2,294770*1
271869	DGuard_PhA	71	100	50	SELF	294767*2
271870	DGuard_PhA	0	34	50	SELF	294767*3,294770*2
271870	DGuard_PhA	36	70	50	SELF	294767*2,294770*1
271870	DGuard_PhA	71	100	50	SELF	294767*2
271871	DGuard_PhA	0	34	50	SELF	294767*3,294770*2
271871	DGuard_PhA	36	70	50	SELF	294767*2,294770*1
271871	DGuard_PhA	71	100	50	SELF	294767*2
271872	DGuard_PhA	0	34	50	SELF	294767*3,294770*2
271872	DGuard_PhA	36	70	50	SELF	294767*2,294770*1
271872	DGuard_PhA	71	100	50	SELF	294767*2
271893	LGuard_PhA_L50M	0	34	50	SELF	296070*3,296071*2
271893	LGuard_PhA_L50M	36	70	50	SELF	296070*2,296071*1
271893	LGuard_PhA_L50M	71	100	50	SELF	296070*2
271894	LGuard_PhA_L50M	0	34	50	SELF	296070*3,296071*2
271894	LGuard_PhA_L50M	36	70	50	SELF	296070*2,296071*1
271894	LGuard_PhA_L50M	71	100	50	SELF	296070*2
271895	LGuard_PhA_L50M	0	34	50	SELF	296070*3,296071*2
271895	LGuard_PhA_L50M	36	70	50	SELF	296070*2,296071*1
271895	LGuard_PhA_L50M	71	100	50	SELF	296070*2
271896	LGuard_PhA_L50M	0	34	50	SELF	296070*3,296071*2
271896	LGuard_PhA_L50M	36	70	50	SELF	296070*2,296071*1
271896	LGuard_PhA_L50M	71	100	50	SELF	296070*2
271897	LGuard_PhA_L50M	0	34	50	SELF	296070*3,296071*2
271897	LGuard_PhA_L50M	36	70	50	SELF	296070*2,296071*1
271897	LGuard_PhA_L50M	71	100	50	SELF	296070*2
271898	DGuard_PhA_L50M	0	34	50	SELF	296081*3,296082*2
271898	DGuard_PhA_L50M	36	70	50	SELF	296081*2,296082*1
271898	DGuard_PhA_L50M	71	100	50	SELF	296081*2
271899	DGuard_PhA_L50M	0	34	50	SELF	296081*3,296082*2
271899	DGuard_PhA_L50M	36	70	50	SELF	296081*2,296082*1
271899	DGuard_PhA_L50M	71	100	50	SELF	296081*2
271900	DGuard_PhA_L50M	0	34	50	SELF	296081*3,296082*2
271900	DGuard_PhA_L50M	36	70	50	SELF	296081*2,296082*1
271900	DGuard_PhA_L50M	71	100	50	SELF	296081*2
271901	DGuard_PhA_L50M	0	34	50	SELF	296081*3,296082*2
271901	DGuard_PhA_L50M	36	70	50	SELF	296081*2,296082*1
271901	DGuard_PhA_L50M	71	100	50	SELF	296081*2
271902	DGuard_PhA_L50M	0	34	50	SELF	296081*3,296082*2
271902	DGuard_PhA_L50M	36	70	50	SELF	296081*2,296082*1
271902	DGuard_PhA_L50M	71	100	50	SELF	296081*2
278000	DGuard_WhA	0	34	100	SELF	294752*1
278003	DGuard_WhA_L58	0	34	100	SELF	207717*1
278013	DGuard_WhA	0	34	100	SELF	294752*1
278014	DGuard_WhA	0	34	100	SELF	294752*1
278015	DGuard_WhA	0	34	100	SELF	294752*1
278016	DGuard_WhA	0	34	100	SELF	294752*1
278017	DGuard_AhA	0	34	100	SELF	294746*2,294749*1
278019	DGuard_PhB_L56	0	34	50	TARGET	207723*2
278019	DGuard_PhB_L56	0	100	50	TARGET	207722*2
278067	DGuard_AhA	0	34	100	SELF	294746*2,294749*1
278140	DGuard_WhA_L56	0	34	100	SELF	207712*1
278141	DGuard_WhA_L56	0	34	100	SELF	207712*1
278142	DGuard_WhA_L56	0	34	100	SELF	207712*1
278502	LGuard_WhA_L58	0	34	100	SELF	207704*1
278513	LGuard_WhA	0	34	100	SELF	294719*1
278514	LGuard_WhA	0	34	100	SELF	294719*1
278515	LGuard_WhA	0	34	100	SELF	294719*1
278516	LGuard_WhA	0	34	100	SELF	294719*1
278517	LGuard_RhB_L56	0	34	100	TARGET	207697*3
278517	LGuard_RhB_L56	36	70	100	TARGET	207697*2
278518	LGuard_WhA	0	34	100	SELF	294719*1
278520	LGuard_PhB_L56	0	34	50	TARGET	207710*2
278520	LGuard_PhB_L56	0	100	50	TARGET	207709*2
278567	LGuard_RhB_L53	0	34	100	TARGET	207684*3
278567	LGuard_RhB_L53	36	70	100	TARGET	207684*2
278599	LGuard_ReA_L41	0	34	100	TARGET	207632*1
278614	LGuard_ReA_L41	0	34	100	TARGET	207632*1
278640	LGuard_WhA_L56	0	34	100	SELF	207699*1
278641	LGuard_WhA_L56	0	34	100	SELF	207699*1
278642	LGuard_WhA_L56	0	34	100	SELF	207699*1
294574	LGuard_RhA	0	34	100	SELF	294710*2,294707*3
294574	LGuard_RhA	36	70	100	TARGET	294707*3
294577	LGuard_AhA	0	34	100	SELF	294713*2,294716*1
294580	LGuard_WhA	0	34	100	SELF	294719*1
294583	LGuard_PhA	0	34	50	SELF	294734*3,294737*2
294583	LGuard_PhA	36	70	50	SELF	294734*2,294737*1
294583	LGuard_PhA	71	100	50	SELF	294734*2
294589	DGuard_RhA	0	34	100	SELF	294743*2,294740*3
294589	DGuard_RhA	36	70	100	TARGET	294740*3
294592	DGuard_AhA	0	34	100	SELF	294746*2,294749*1
294595	DGuard_WhA	0	34	100	SELF	294752*1
294598	DGuard_PhA	0	34	50	SELF	294767*3,294770*2
294598	DGuard_PhA	36	70	50	SELF	294767*2,294770*1
294598	DGuard_PhA	71	100	50	SELF	294767*2
294621	LGuard_RhA	0	34	100	SELF	294710*2,294707*3
294621	LGuard_RhA	36	70	100	TARGET	294707*3
294624	LGuard_AhA	0	34	100	SELF	294713*2,294716*1
294627	LGuard_WhA	0	34	100	SELF	294719*1
294630	LGuard_PhA	0	34	50	SELF	294734*3,294737*2
294630	LGuard_PhA	36	70	50	SELF	294734*2,294737*1
294630	LGuard_PhA	71	100	50	SELF	294734*2
294636	DGuard_RhA	0	34	100	SELF	294743*2,294740*3
294636	DGuard_RhA	36	70	100	TARGET	294740*3
294639	DGuard_AhA	0	34	100	SELF	294746*2,294749*1
294642	DGuard_WhA	0	34	100	SELF	294752*1
294645	DGuard_PhA	0	34	50	SELF	294767*3,294770*2
294645	DGuard_PhA	36	70	50	SELF	294767*2,294770*1
294645	DGuard_PhA	71	100	50	SELF	294767*2
294666	LGuard_RhA	0	34	100	SELF	294710*2,294707*3
294666	LGuard_RhA	36	70	100	TARGET	294707*3
294669	LGuard_AhA	0	34	100	SELF	294713*2,294716*1
294672	LGuard_WhA	0	34	100	SELF	294719*1
294675	LGuard_PhA	0	34	50	SELF	294734*3,294737*2
294675	LGuard_PhA	36	70	50	SELF	294734*2,294737*1
294675	LGuard_PhA	71	100	50	SELF	294734*2
294681	DGuard_RhA	0	34	100	SELF	294743*2,294740*3
294681	DGuard_RhA	36	70	100	TARGET	294740*3
294684	DGuard_AhA	0	34	100	SELF	294746*2,294749*1
294687	DGuard_WhA	0	34	100	SELF	294752*1
294690	DGuard_PhA	0	34	50	SELF	294767*3,294770*2
294690	DGuard_PhA	36	70	50	SELF	294767*2,294770*1
294690	DGuard_PhA	71	100	50	SELF	294767*2
294794	LGuard_ReA	0	34	100	TARGET	294707*1
294799	DGuard_ReA	0	34	100	SELF	294740*1
294809	LGuard_ReA	0	34	100	TARGET	294707*1
294814	DGuard_ReA	0	34	100	SELF	294740*1
294824	LGuard_ReA	0	34	100	TARGET	294707*1
294829	DGuard_ReA	0	34	100	SELF	294740*1
294897	LGuard_ReA	0	34	100	TARGET	294707*1
294898	LGuard_RhA	0	34	100	SELF	294710*2,294707*3
294898	LGuard_RhA	36	70	100	TARGET	294707*3
294902	LGuard_WhA	0	34	100	SELF	294719*1
294905	DGuard_ReA	0	34	100	SELF	294740*1
294906	DGuard_RhA	0	34	100	SELF	294743*2,294740*3
294906	DGuard_RhA	36	70	100	TARGET	294740*3
294910	DGuard_WhA	0	34	100	SELF	294752*1
294952	LGuard_ReA	0	34	100	TARGET	294707*1
294953	LGuard_RhA	0	34	100	SELF	294710*2,294707*3
294953	LGuard_RhA	36	70	100	TARGET	294707*3
294957	LGuard_WhA	0	34	100	SELF	294719*1
294960	DGuard_ReA	0	34	100	SELF	294740*1
294961	DGuard_RhA	0	34	100	SELF	294743*2,294740*3
294961	DGuard_RhA	36	70	100	TARGET	294740*3
294965	DGuard_WhA	0	34	100	SELF	294752*1
294976	LGuard_ReA	0	34	100	TARGET	294707*1
294977	LGuard_RhA	0	34	100	SELF	294710*2,294707*3
294977	LGuard_RhA	36	70	100	TARGET	294707*3
294981	LGuard_WhA	0	34	100	SELF	294719*1
294984	DGuard_ReA	0	34	100	SELF	294740*1
294985	DGuard_RhA	0	34	100	SELF	294743*2,294740*3
294985	DGuard_RhA	36	70	100	TARGET	294740*3
294989	DGuard_WhA	0	34	100	SELF	294752*1
295077	LGuard_Shield	0	34	100	TARGET	295074*1
295078	LGuard_Shield	0	34	100	TARGET	295074*1
295079	LGuard_Shield	0	34	100	TARGET	295074*1
295080	DGuard_Shield	0	34	100	TARGET	295075*1
295081	DGuard_Shield	0	34	100	TARGET	295075*1
295082	DGuard_Shield	0	34	100	TARGET	295075*1
295108	LGuard_RhB	0	34	100	TARGET	294707*3
295108	LGuard_RhB	36	70	100	TARGET	294707*2
295111	LGuard_PhB	0	34	50	TARGET	294737*2
295111	LGuard_PhB	0	100	50	TARGET	294734*2
295113	DGuard_RhB	0	34	100	TARGET	294740*3
295113	DGuard_RhB	36	70	100	TARGET	294740*2
295116	DGuard_PhB	0	34	50	TARGET	294770*2
295116	DGuard_PhB	0	100	50	TARGET	294767*2
295186	LGuard_RhB_L50	0	34	100	TARGET	295131*3
295186	LGuard_RhB_L50	36	70	100	TARGET	295131*2
295189	LGuard_PhB_L50	0	34	50	TARGET	295141*2
295189	LGuard_PhB_L50	0	100	50	TARGET	295141*2
295191	DGuard_RhB_L50	0	34	100	TARGET	295142*3
295191	DGuard_RhB_L50	36	70	100	TARGET	295142*2
295194	DGuard_PhB_L50	0	34	50	TARGET	295152*2
295194	DGuard_PhB_L50	0	100	50	TARGET	295152*2
295286	LGuard_ReA_L50	0	34	100	TARGET	295131*1
295287	LGuard_RhA_L50	0	34	100	SELF	295132*2,295131*3
295287	LGuard_RhA_L50	36	70	100	TARGET	295131*3
295290	LGuard_ReA_L50	0	34	100	TARGET	295131*1
295291	LGuard_RhA_L50	0	34	100	SELF	295132*2,295131*3
295291	LGuard_RhA_L50	36	70	100	TARGET	295131*3
295295	LGuard_AhA_L50	0	34	100	SELF	295133*2,295134*1
295299	LGuard_WhA_L50	0	34	100	SELF	295135*1
295303	LGuard_WhA_L50	0	34	100	SELF	295135*1
295307	LGuard_PhA_L50	0	34	50	SELF	295140*3,295141*2
295307	LGuard_PhA_L50	36	70	50	SELF	295140*2,295141*1
295307	LGuard_PhA_L50	71	100	50	SELF	295140*2
295314	DGuard_ReA_L50	0	34	100	TARGET	295142*1
295315	DGuard_RhA_L50	0	34	100	SELF	295143*2,295142*3
295315	DGuard_RhA_L50	36	70	100	TARGET	295142*3
295318	DGuard_ReA_L50	0	34	100	TARGET	295142*1
295319	DGuard_RhA_L50	0	34	100	SELF	295143*2,295142*3
295319	DGuard_RhA_L50	36	70	100	TARGET	295142*3
295323	DGuard_AhA_L50	0	34	100	SELF	295144*2,295145*1
295327	DGuard_WhA_L50	0	34	100	SELF	295146*1
295331	DGuard_WhA_L50	0	34	100	SELF	295146*1
295335	DGuard_PhA_L50	0	34	50	SELF	295151*3,295152*2
295335	DGuard_PhA_L50	36	70	50	SELF	295151*2,295152*1
295335	DGuard_PhA_L50	71	100	50	SELF	295151*2
295370	LGuard_ReA_L50	0	34	100	TARGET	295131*1
295371	LGuard_RhA_L50	0	34	100	SELF	295132*2,295131*3
295371	LGuard_RhA_L50	36	70	100	TARGET	295131*3
295374	LGuard_ReA_L50	0	34	100	TARGET	295131*1
295375	LGuard_RhA_L50	0	34	100	SELF	295132*2,295131*3
295375	LGuard_RhA_L50	36	70	100	TARGET	295131*3
295379	LGuard_AhA_L50	0	34	100	SELF	295133*2,295134*1
295383	LGuard_WhA_L50	0	34	100	SELF	295135*1
295387	LGuard_WhA_L50	0	34	100	SELF	295135*1
295391	LGuard_PhA_L50	0	34	50	SELF	295140*3,295141*2
295391	LGuard_PhA_L50	36	70	50	SELF	295140*2,295141*1
295391	LGuard_PhA_L50	71	100	50	SELF	295140*2
295398	DGuard_ReA_L50	0	34	100	TARGET	295142*1
295399	DGuard_RhA_L50	0	34	100	SELF	295143*2,295142*3
295399	DGuard_RhA_L50	36	70	100	TARGET	295142*3
295402	DGuard_ReA_L50	0	34	100	TARGET	295142*1
295403	DGuard_RhA_L50	0	34	100	SELF	295143*2,295142*3
295403	DGuard_RhA_L50	36	70	100	TARGET	295142*3
295407	DGuard_AhA_L50	0	34	100	SELF	295144*2,295145*1
295411	DGuard_WhA_L50	0	34	100	SELF	295146*1
295415	DGuard_WhA_L50	0	34	100	SELF	295146*1
295419	DGuard_PhA_L50	0	34	50	SELF	295151*3,295152*2
295419	DGuard_PhA_L50	36	70	50	SELF	295151*2,295152*1
295419	DGuard_PhA_L50	71	100	50	SELF	295151*2
295454	LGuard_ReA_L50	0	34	100	TARGET	295131*1
295455	LGuard_RhA_L50	0	34	100	SELF	295132*2,295131*3
295455	LGuard_RhA_L50	36	70	100	TARGET	295131*3
295458	LGuard_ReA_L50	0	34	100	TARGET	295131*1
295459	LGuard_RhA_L50	0	34	100	SELF	295132*2,295131*3
295459	LGuard_RhA_L50	36	70	100	TARGET	295131*3
295463	LGuard_AhA_L50	0	34	100	SELF	295133*2,295134*1
295467	LGuard_WhA_L50	0	34	100	SELF	295135*1
295471	LGuard_WhA_L50	0	34	100	SELF	295135*1
295475	LGuard_PhA_L50	0	34	50	SELF	295140*3,295141*2
295475	LGuard_PhA_L50	36	70	50	SELF	295140*2,295141*1
295475	LGuard_PhA_L50	71	100	50	SELF	295140*2
295482	DGuard_ReA_L50	0	34	100	TARGET	295142*1
295483	DGuard_RhA_L50	0	34	100	SELF	295143*2,295142*3
295483	DGuard_RhA_L50	36	70	100	TARGET	295142*3
295486	DGuard_ReA_L50	0	34	100	TARGET	295142*1
295487	DGuard_RhA_L50	0	34	100	SELF	295143*2,295142*3
295487	DGuard_RhA_L50	36	70	100	TARGET	295142*3
295491	DGuard_AhA_L50	0	34	100	SELF	295144*2,295145*1
295495	DGuard_WhA_L50	0	34	100	SELF	295146*1
295499	DGuard_WhA_L50	0	34	100	SELF	295146*1
295503	DGuard_PhA_L50	0	34	50	SELF	295151*3,295152*2
295503	DGuard_PhA_L50	36	70	50	SELF	295151*2,295152*1
295503	DGuard_PhA_L50	71	100	50	SELF	295151*2
295675	LGuard_ReA_L50M	0	34	100	TARGET	296061*1
295676	LGuard_RhA_L50M	0	34	100	SELF	296062*2,296061*3
295676	LGuard_RhA_L50M	36	70	100	TARGET	296061*3
295679	LGuard_ReA_L50M	0	34	100	TARGET	296061*1
295680	LGuard_RhA_L50M	0	34	100	SELF	296062*2,296061*3
295680	LGuard_RhA_L50M	36	70	100	TARGET	296061*3
295684	LGuard_AhA_L50M	0	34	100	SELF	296063*2,296064*1
295688	LGuard_WhA_L50M	0	34	100	SELF	296065*1
295692	LGuard_WhA_L50M	0	34	100	SELF	296065*1
295696	LGuard_PhA_L50M	0	34	50	SELF	296070*3,296071*2
295696	LGuard_PhA_L50M	36	70	50	SELF	296070*2,296071*1
295696	LGuard_PhA_L50M	71	100	50	SELF	296070*2
295703	DGuard_ReA_L50M	0	34	100	TARGET	296072*1
295704	DGuard_RhA_L50M	0	34	100	SELF	296073*2,296072*3
295704	DGuard_RhA_L50M	36	70	100	TARGET	296072*3
295707	DGuard_ReA_L50M	0	34	100	TARGET	296072*1
295708	DGuard_RhA_L50M	0	34	100	SELF	296073*2,296072*3
295708	DGuard_RhA_L50M	36	70	100	TARGET	296072*3
295712	DGuard_AhA_L50M	0	34	100	SELF	296074*2,296075*1
295716	DGuard_WhA_L50M	0	34	100	SELF	296076*1
295720	DGuard_WhA_L50M	0	34	100	SELF	296076*1
295724	DGuard_PhA_L50M	0	34	50	SELF	296081*3,296082*2
295724	DGuard_PhA_L50M	36	70	50	SELF	296081*2,296082*1
295724	DGuard_PhA_L50M	71	100	50	SELF	296081*2
295759	LGuard_ReA_L50M	0	34	100	TARGET	296061*1
295760	LGuard_RhA_L50M	0	34	100	SELF	296062*2,296061*3
295760	LGuard_RhA_L50M	36	70	100	TARGET	296061*3
295763	LGuard_ReA_L50M	0	34	100	TARGET	296061*1
295764	LGuard_RhA_L50M	0	34	100	SELF	296062*2,296061*3
295764	LGuard_RhA_L50M	36	70	100	TARGET	296061*3
295768	LGuard_AhA_L50M	0	34	100	SELF	296063*2,296064*1
295772	LGuard_WhA_L50M	0	34	100	SELF	296065*1
295776	LGuard_WhA_L50M	0	34	100	SELF	296065*1
295780	LGuard_PhA_L50M	0	34	50	SELF	296070*3,296071*2
295780	LGuard_PhA_L50M	36	70	50	SELF	296070*2,296071*1
295780	LGuard_PhA_L50M	71	100	50	SELF	296070*2
295787	DGuard_ReA_L50M	0	34	100	TARGET	296072*1
295788	DGuard_RhA_L50M	0	34	100	SELF	296073*2,296072*3
295788	DGuard_RhA_L50M	36	70	100	TARGET	296072*3
295791	DGuard_ReA_L50M	0	34	100	TARGET	296072*1
295792	DGuard_RhA_L50M	0	34	100	SELF	296073*2,296072*3
295792	DGuard_RhA_L50M	36	70	100	TARGET	296072*3
295796	DGuard_AhA_L50M	0	34	100	SELF	296074*2,296075*1
295800	DGuard_WhA_L50M	0	34	100	SELF	296076*1
295804	DGuard_WhA_L50M	0	34	100	SELF	296076*1
295808	DGuard_PhA_L50M	0	34	50	SELF	296081*3,296082*2
295808	DGuard_PhA_L50M	36	70	50	SELF	296081*2,296082*1
295808	DGuard_PhA_L50M	71	100	50	SELF	296081*2
295843	LGuard_ReA_L50M	0	34	100	TARGET	296061*1
295844	LGuard_RhA_L50M	0	34	100	SELF	296062*2,296061*3
295844	LGuard_RhA_L50M	36	70	100	TARGET	296061*3
295847	LGuard_ReA_L50M	0	34	100	TARGET	296061*1
295848	LGuard_RhA_L50M	0	34	100	SELF	296062*2,296061*3
295848	LGuard_RhA_L50M	36	70	100	TARGET	296061*3
295852	LGuard_AhA_L50M	0	34	100	SELF	296063*2,296064*1
295856	LGuard_WhA_L50M	0	34	100	SELF	296065*1
295860	LGuard_WhA_L50M	0	34	100	SELF	296065*1
295864	LGuard_PhA_L50M	0	34	50	SELF	296070*3,296071*2
295864	LGuard_PhA_L50M	36	70	50	SELF	296070*2,296071*1
295864	LGuard_PhA_L50M	71	100	50	SELF	296070*2
295871	DGuard_ReA_L50M	0	34	100	TARGET	296072*1
295872	DGuard_RhA_L50M	0	34	100	SELF	296073*2,296072*3
295872	DGuard_RhA_L50M	36	70	100	TARGET	296072*3
295875	DGuard_ReA_L50M	0	34	100	TARGET	296072*1
295876	DGuard_RhA_L50M	0	34	100	SELF	296073*2,296072*3
295876	DGuard_RhA_L50M	36	70	100	TARGET	296072*3
295880	DGuard_AhA_L50M	0	34	100	SELF	296074*2,296075*1
295884	DGuard_WhA_L50M	0	34	100	SELF	296076*1
295888	DGuard_WhA_L50M	0	34	100	SELF	296076*1
295892	DGuard_PhA_L50M	0	34	50	SELF	296081*3,296082*2
295892	DGuard_PhA_L50M	36	70	50	SELF	296081*2,296082*1
295892	DGuard_PhA_L50M	71	100	50	SELF	296081*2
296026	LGuard_RhB_L50M	0	34	100	TARGET	296061*3
296026	LGuard_RhB_L50M	36	70	100	TARGET	296061*2
296029	LGuard_PhB_L50M	0	34	50	TARGET	296071*2
296029	LGuard_PhB_L50M	0	100	50	TARGET	296071*2
296031	DGuard_RhB_L50M	0	34	100	TARGET	296072*3
296031	DGuard_RhB_L50M	36	70	100	TARGET	296072*2
296034	DGuard_PhB_L50M	0	34	50	TARGET	296082*2
296034	DGuard_PhB_L50M	0	100	50	TARGET	296082*2
296193	LGuard_WhA_L43	0	34	100	SELF	207612*1
296194	LGuard_WhA_L53	0	34	100	SELF	207622*1
296195	DGuard_WhA_L43	0	34	100	SELF	207617*1
296196	DGuard_WhA_L53	0	34	100	SELF	207627*1
296197	LGuard_ReA_L43	0	34	100	TARGET	207634*1
296198	DGuard_ReA_L43	0	34	100	TARGET	207639*1
296199	LGuard_PhB_L52	0	34	50	TARGET	207645*2
296199	LGuard_PhB_L52	0	100	50	TARGET	207644*2
296200	DGuard_ReA_L51	0	34	100	TARGET	207640*1
296201	DGuard_PhB_L52	0	34	50	TARGET	207649*2
296201	DGuard_PhB_L52	0	100	50	TARGET	207648*2
296253	LGuard_RhA_L43	0	34	100	SELF	207674*2,207634*3
296253	LGuard_RhA_L43	36	70	100	TARGET	207634*3
296254	LGuard_RhA_L43	0	34	100	SELF	207674*2,207634*3
296254	LGuard_RhA_L43	36	70	100	TARGET	207634*3
296255	LGuard_AhA_L43	0	34	100	SELF	207675*2,207676*1
296256	LGuard_WhA_L43	0	34	100	SELF	207612*1
296257	LGuard_PhA_L43	0	34	50	SELF	207677*3,207678*2
296257	LGuard_PhA_L43	36	70	50	SELF	207677*2,207678*1
296257	LGuard_PhA_L43	71	100	50	SELF	207677*2
296258	DGuard_RhA_L43	0	34	100	SELF	207679*2,207639*3
296258	DGuard_RhA_L43	36	70	100	TARGET	207639*3
296259	DGuard_RhA_L43	0	34	100	SELF	207679*2,207639*3
296259	DGuard_RhA_L43	36	70	100	TARGET	207639*3
296260	DGuard_AhA_L43	0	34	100	SELF	207680*2,207681*1
296261	DGuard_WhA_L43	0	34	100	SELF	207617*1
296262	DGuard_PhA_L43	0	34	50	SELF	207682*3,207683*2
296262	DGuard_PhA_L43	36	70	50	SELF	207682*2,207683*1
296262	DGuard_PhA_L43	71	100	50	SELF	207682*2
296263	LGuard_RhA_L53	0	34	100	SELF	207685*2,207684*3
296263	LGuard_RhA_L53	36	70	100	TARGET	207684*3
296264	LGuard_RhA_L53	0	34	100	SELF	207685*2,207684*3
296264	LGuard_RhA_L53	36	70	100	TARGET	207684*3
296265	LGuard_AhA_L53	0	34	100	SELF	207686*2,207687*1
296266	LGuard_WhA_L53	0	34	100	SELF	207622*1
296267	LGuard_PhA_L53	0	34	50	SELF	207688*3,207689*2
296267	LGuard_PhA_L53	36	70	50	SELF	207688*2,207689*1
296267	LGuard_PhA_L53	71	100	50	SELF	207688*2
296268	DGuard_RhA_L53	0	34	100	SELF	207691*2,207690*3
296268	DGuard_RhA_L53	36	70	100	TARGET	207690*3
296269	DGuard_RhA_L53	0	34	100	SELF	207691*2,207690*3
296269	DGuard_RhA_L53	36	70	100	TARGET	207690*3
296270	DGuard_AhA_L53	0	34	100	SELF	207692*2,207693*1
296271	DGuard_WhA_L53	0	34	100	SELF	207627*1
296272	DGuard_PhA_L53	0	34	50	SELF	207694*3,207695*2
296272	DGuard_PhA_L53	36	70	50	SELF	207694*2,207695*1
296272	DGuard_PhA_L53	71	100	50	SELF	207694*2
296277	LGuard_ReA_L41	0	34	100	TARGET	207632*1
296278	LGuard_RhB_L42	0	34	100	TARGET	207633*3
296278	LGuard_RhB_L42	36	70	100	TARGET	207633*2
296287	LGuard_PhB_L42	0	34	50	TARGET	207643*2
296287	LGuard_PhB_L42	0	100	50	TARGET	207642*2
296292	LGuard_ReA_L51	0	34	100	TARGET	207635*1
296293	LGuard_RhB_L52	0	34	100	TARGET	207636*3
296293	LGuard_RhB_L52	36	70	100	TARGET	207636*2
296302	LGuard_PhB_L52	0	34	50	TARGET	207645*2
296302	LGuard_PhB_L52	0	100	50	TARGET	207644*2
296307	DGuard_ReA_L41	0	34	100	TARGET	207637*1
296308	DGuard_RhB_L42	0	34	100	TARGET	207638*3
296308	DGuard_RhB_L42	36	70	100	TARGET	207638*2
296317	DGuard_PhB_L42	0	34	50	TARGET	207647*2
296317	DGuard_PhB_L42	0	100	50	TARGET	207646*2
296322	DGuard_ReA_L51	0	34	100	TARGET	207640*1
296323	DGuard_RhB_L52	0	34	100	TARGET	207641*3
296323	DGuard_RhB_L52	36	70	100	TARGET	207641*2
296332	DGuard_PhB_L52	0	34	50	TARGET	207649*2
296332	DGuard_PhB_L52	0	100	50	TARGET	207648*2
296392	LGuard_RhB_L50	0	34	100	TARGET	295131*3
296392	LGuard_RhB_L50	36	70	100	TARGET	295131*2
296395	LGuard_PhB_L50	0	34	50	TARGET	295141*2
296395	LGuard_PhB_L50	0	100	50	TARGET	295141*2
296397	DGuard_RhB_L50	0	34	100	TARGET	295142*3
296397	DGuard_RhB_L50	36	70	100	TARGET	295142*2
296400	DGuard_PhB_L50	0	34	50	TARGET	295152*2
296400	DGuard_PhB_L50	0	100	50	TARGET	295152*2
296407	LGuard_RhA_L50	0	34	100	SELF	295132*2,295131*3
296407	LGuard_RhA_L50	36	70	100	TARGET	295131*3
296408	LGuard_AhA_L50	0	34	100	SELF	295133*2,295134*1
296409	LGuard_WhA_L50	0	34	100	SELF	295135*1
296410	LGuard_PhA_L50	0	34	50	SELF	295140*3,295141*2
296410	LGuard_PhA_L50	36	70	50	SELF	295140*2,295141*1
296410	LGuard_PhA_L50	71	100	50	SELF	295140*2
296412	DGuard_RhA_L50	0	34	100	SELF	295143*2,295142*3
296412	DGuard_RhA_L50	36	70	100	TARGET	295142*3
296413	DGuard_AhA_L50	0	34	100	SELF	295144*2,295145*1
296414	DGuard_WhA_L50	0	34	100	SELF	295146*1
296415	DGuard_PhA_L50	0	34	50	SELF	295151*3,295152*2
296415	DGuard_PhA_L50	36	70	50	SELF	295151*2,295152*1
296415	DGuard_PhA_L50	71	100	50	SELF	295151*2
296422	LGuard_RhB_L50M	0	34	100	TARGET	296061*3
296422	LGuard_RhB_L50M	36	70	100	TARGET	296061*2
296425	LGuard_PhB_L50M	0	34	50	TARGET	296071*2
296425	LGuard_PhB_L50M	0	100	50	TARGET	296071*2
296427	DGuard_RhB_L50M	0	34	100	TARGET	296072*3
296427	DGuard_RhB_L50M	36	70	100	TARGET	296072*2
296430	DGuard_PhB_L50M	0	34	50	TARGET	296082*2
296430	DGuard_PhB_L50M	0	100	50	TARGET	296082*2
296464	LGuard_RsA	0	49	100	TARGET	296465*2
296469	LGuard_WsA	0	100	100	TARGET	296470*1
296471	LGuard_WsB	0	100	33	TARGET	296470*1
296472	LGuard_PsA	0	100	50	SELF	296473*1
296472	LGuard_PsA	0	100	100	SELF	296474*1
296477	DGuard_RsA	0	49	100	TARGET	296478*2
296482	DGuard_WsA	0	100	100	TARGET	296483*1
296484	DGuard_WsB	0	100	33	TARGET	296483*1
296485	DGuard_PsA	0	100	50	SELF	296486*1
296485	DGuard_PsA	0	100	100	SELF	296487*1
296529	LGuard_RsA	0	49	100	TARGET	296465*2
296531	LGuard_WsA	0	100	100	TARGET	296470*1
296532	LGuard_PsA	0	100	50	SELF	296473*1
296532	LGuard_PsA	0	100	100	SELF	296474*1
296536	DGuard_RsA	0	49	100	TARGET	296478*2
296538	DGuard_WsA	0	100	100	TARGET	296483*1
296539	DGuard_PsA	0	100	50	SELF	296486*1
296539	DGuard_PsA	0	100	100	SELF	296487*1
296564	LGuard_ReA_L55	0	34	100	TARGET	296617*1
296565	LGuard_ReA_L56	0	34	100	TARGET	296618*1
296566	LGuard_RhB_L53	0	34	100	TARGET	207684*3
296566	LGuard_RhB_L53	36	70	100	TARGET	207684*2
296567	LGuard_RhB_L54	0	34	100	TARGET	296616*3
296567	LGuard_RhB_L54	36	70	100	TARGET	296616*2
296568	LGuard_RhB_L55	0	34	100	TARGET	296617*3
296568	LGuard_RhB_L55	36	70	100	TARGET	296617*2
296569	LGuard_RhA_L56	0	34	100	SELF	207698*2,207697*3
296569	LGuard_RhA_L56	36	70	100	TARGET	207697*3
296570	LGuard_RhA_L57	0	34	100	SELF	296623*2,296619*3
296570	LGuard_RhA_L57	36	70	100	TARGET	296619*3
296571	LGuard_RhA_L57	0	34	100	SELF	296623*2,296619*3
296571	LGuard_RhA_L57	36	70	100	TARGET	296619*3
296572	LGuard_RhA_L58	0	34	100	SELF	296624*2,296620*3
296572	LGuard_RhA_L58	36	70	100	TARGET	296620*3
296573	LGuard_RhA_L60	0	34	100	SELF	296625*2,296621*3
296573	LGuard_RhA_L60	36	70	100	TARGET	296621*3
296583	LGuard_AhA_L56	0	34	100	SELF	296626*2,296627*1
296584	LGuard_AhA_L57	0	34	100	SELF	296628*2,296629*1
296585	LGuard_AhA_L57	0	34	100	SELF	296628*2,296629*1
296586	LGuard_AhA_L58	0	34	100	SELF	296630*2,296631*1
296587	LGuard_AhA_L60	0	34	100	SELF	296632*2,296633*1
296597	LGuard_WhA_L56	0	34	100	SELF	207699*1
296598	LGuard_WhA_L57	0	34	100	SELF	296634*1
296599	LGuard_WhA_L57	0	34	100	SELF	296634*1
296600	LGuard_WhA_L58	0	34	100	SELF	207704*1
296601	LGuard_WhA_L60	0	34	100	SELF	296639*1
296608	LGuard_PhB_L53	0	34	50	TARGET	296645*2
296608	LGuard_PhB_L53	0	100	50	TARGET	296644*2
296609	LGuard_PhB_L54	0	34	50	TARGET	296647*2
296609	LGuard_PhB_L54	0	100	50	TARGET	296646*2
296610	LGuard_PhB_L55	0	34	50	TARGET	296649*2
296610	LGuard_PhB_L55	0	100	50	TARGET	296648*2
296611	LGuard_PhA_L56	0	34	50	SELF	207709*3,207710*2
296611	LGuard_PhA_L56	36	70	50	SELF	207709*2,207710*1
296611	LGuard_PhA_L56	71	100	50	SELF	207709*2
296612	LGuard_PhA_L57	0	34	50	SELF	296650*3,296651*2
296612	LGuard_PhA_L57	36	70	50	SELF	296650*2,296651*1
296612	LGuard_PhA_L57	71	100	50	SELF	296650*2
296613	LGuard_PhA_L57	0	34	50	SELF	296650*3,296651*2
296613	LGuard_PhA_L57	36	70	50	SELF	296650*2,296651*1
296613	LGuard_PhA_L57	71	100	50	SELF	296650*2
296614	LGuard_PhA_L58	0	34	50	SELF	296652*3,296653*2
296614	LGuard_PhA_L58	36	70	50	SELF	296652*2,296653*1
296614	LGuard_PhA_L58	71	100	50	SELF	296652*2
296615	LGuard_PhA_L60	0	34	50	SELF	296654*3,296655*2
296615	LGuard_PhA_L60	36	70	50	SELF	296654*2,296655*1
296615	LGuard_PhA_L60	71	100	50	SELF	296654*2
296674	DGuard_ReA_L55	0	34	100	TARGET	296727*1
296675	DGuard_ReA_L56	0	34	100	TARGET	296728*1
296676	DGuard_RhB_L53	0	34	100	TARGET	207690*3
296676	DGuard_RhB_L53	36	70	100	TARGET	207690*2
296677	DGuard_RhB_L54	0	34	100	TARGET	296726*3
296677	DGuard_RhB_L54	36	70	100	TARGET	296726*2
296678	DGuard_RhB_L55	0	34	100	TARGET	296727*3
296678	DGuard_RhB_L55	36	70	100	TARGET	296727*2
296679	DGuard_RhA_L56	0	34	100	SELF	296732*2,296728*3
296679	DGuard_RhA_L56	36	70	100	TARGET	296728*3
296680	DGuard_RhA_L57	0	34	100	SELF	296733*2,296729*3
296680	DGuard_RhA_L57	36	70	100	TARGET	296729*3
296681	DGuard_RhA_L57	0	34	100	SELF	296733*2,296729*3
296681	DGuard_RhA_L57	36	70	100	TARGET	296729*3
296682	DGuard_RhA_L58	0	34	100	SELF	296734*2,296730*3
296682	DGuard_RhA_L58	36	70	100	TARGET	296730*3
296683	DGuard_RhA_L60	0	34	100	SELF	296735*2,296731*3
296683	DGuard_RhA_L60	36	70	100	TARGET	296731*3
296693	DGuard_AhA_L56	0	34	100	SELF	296736*2,296737*1
296694	DGuard_AhA_L57	0	34	100	SELF	296738*2,296739*1
296695	DGuard_AhA_L57	0	34	100	SELF	296738*2,296739*1
296696	DGuard_AhA_L58	0	34	100	SELF	296740*2,296741*1
296697	DGuard_AhA_L60	0	34	100	SELF	296742*2,296743*1
296707	DGuard_WhA_L56	0	34	100	SELF	207712*1
296708	DGuard_WhA_L57	0	34	100	SELF	296744*1
296709	DGuard_WhA_L57	0	34	100	SELF	296744*1
296710	DGuard_WhA_L58	0	34	100	SELF	207717*1
296711	DGuard_WhA_L60	0	34	100	SELF	296749*1
296718	DGuard_PhB_L53	0	34	50	TARGET	296755*2
296718	DGuard_PhB_L53	0	100	50	TARGET	296754*2
296719	DGuard_PhB_L54	0	34	50	TARGET	296757*2
296719	DGuard_PhB_L54	0	100	50	TARGET	296756*2
296720	DGuard_PhB_L55	0	34	50	TARGET	296759*2
296720	DGuard_PhB_L55	0	100	50	TARGET	296758*2
296721	DGuard_PhA_L56	0	34	50	SELF	207722*3,207723*2
296721	DGuard_PhA_L56	36	70	50	SELF	207722*2,207723*1
296721	DGuard_PhA_L56	71	100	50	SELF	207722*2
296722	DGuard_PhA_L57	0	34	50	SELF	296760*3,296761*2
296722	DGuard_PhA_L57	36	70	50	SELF	296760*2,296761*1
296722	DGuard_PhA_L57	71	100	50	SELF	296760*2
296723	DGuard_PhA_L57	0	34	50	SELF	296760*3,296761*2
296723	DGuard_PhA_L57	36	70	50	SELF	296760*2,296761*1
296723	DGuard_PhA_L57	71	100	50	SELF	296760*2
296724	DGuard_PhA_L58	0	34	50	SELF	296762*3,296763*2
296724	DGuard_PhA_L58	36	70	50	SELF	296762*2,296763*1
296724	DGuard_PhA_L58	71	100	50	SELF	296762*2
296725	DGuard_PhA_L60	0	34	50	SELF	296764*3,296765*2
296725	DGuard_PhA_L60	36	70	50	SELF	296764*2,296765*1
296725	DGuard_PhA_L60	71	100	50	SELF	296764*2
296771	LGuard_ReA_L55	0	34	100	TARGET	296617*1
296772	LGuard_RhB_L55	0	34	100	TARGET	296617*3
296772	LGuard_RhB_L55	36	70	100	TARGET	296617*2
296773	LGuard_RhA_L55	0	34	100	SELF	296867*2,296617*3
296773	LGuard_RhA_L55	36	70	100	TARGET	296617*3
296776	LGuard_ReA_L55	0	34	100	TARGET	296617*1
296777	LGuard_RhB_L55	0	34	100	TARGET	296617*3
296777	LGuard_RhB_L55	36	70	100	TARGET	296617*2
296778	LGuard_RhA_L55	0	34	100	SELF	296867*2,296617*3
296778	LGuard_RhA_L55	36	70	100	TARGET	296617*3
296781	LGuard_AhA_L55	0	34	100	SELF	296868*2,296869*1
296786	LGuard_WhA_L55	0	34	100	SELF	296870*1
296791	LGuard_WhA_L55	0	34	100	SELF	296870*1
296793	LGuard_PhB_L55	0	34	50	TARGET	296649*2
296793	LGuard_PhB_L55	0	100	50	TARGET	296648*2
296794	LGuard_PhA_L55	0	34	50	SELF	296648*3,296649*2
296794	LGuard_PhA_L55	36	70	50	SELF	296648*2,296649*1
296794	LGuard_PhA_L55	71	100	50	SELF	296648*2
296800	DGuard_ReA_L55	0	34	100	TARGET	296727*1
296801	DGuard_RhB_L55	0	34	100	TARGET	296727*3
296801	DGuard_RhB_L55	36	70	100	TARGET	296727*2
296802	DGuard_RhA_L55	0	34	100	SELF	296875*2,296727*3
296802	DGuard_RhA_L55	36	70	100	TARGET	296727*3
296805	DGuard_ReA_L55	0	34	100	TARGET	296727*1
296806	DGuard_RhB_L55	0	34	100	TARGET	296727*3
296806	DGuard_RhB_L55	36	70	100	TARGET	296727*2
296807	DGuard_RhA_L55	0	34	100	SELF	296875*2,296727*3
296807	DGuard_RhA_L55	36	70	100	TARGET	296727*3
296810	DGuard_AhA_L55	0	34	100	SELF	296876*2,296877*1
296815	DGuard_WhA_L55	0	34	100	SELF	296878*1
296820	DGuard_WhA_L55	0	34	100	SELF	296878*1
296822	DGuard_PhB_L55	0	34	50	TARGET	296759*2
296822	DGuard_PhB_L55	0	100	50	TARGET	296758*2
296823	DGuard_PhA_L55	0	34	50	SELF	296758*3,296759*2
296823	DGuard_PhA_L55	36	70	50	SELF	296758*2,296759*1
296823	DGuard_PhA_L55	71	100	50	SELF	296758*2
798926	LGuard_WhA_L60	0	34	100	SELF	296639*1
798927	LGuard_WhA_L58	0	34	100	SELF	207704*1
798928	LGuard_AhA_L58	0	34	100	SELF	296630*2,296631*1
798929	LGuard_WhA_L57	0	34	100	SELF	296634*1
798930	LGuard_WhA_L57	0	34	100	SELF	296634*1
798931	LGuard_RhA_L58	0	34	100	SELF	296624*2,296620*3
798931	LGuard_RhA_L58	36	70	100	TARGET	296620*3
798958	LGuard_WhA_L60	0	34	100	SELF	296639*1
799005	LGuard_ReA_L56	0	34	100	TARGET	296618*1
799009	LGuard_ReA_L56	0	34	100	TARGET	296618*1
799010	LGuard_RhA_L57	0	34	100	SELF	296623*2,296619*3
799010	LGuard_RhA_L57	36	70	100	TARGET	296619*3
799225	DGuard_PhA_L60	0	34	50	SELF	296764*3,296765*2
799225	DGuard_PhA_L60	36	70	50	SELF	296764*2,296765*1
799225	DGuard_PhA_L60	71	100	50	SELF	296764*2
799226	DGuard_RhA_L58	0	34	100	SELF	296734*2,296730*3
799226	DGuard_RhA_L58	36	70	100	TARGET	296730*3
799227	DGuard_PhA_L57	0	34	50	SELF	296760*3,296761*2
799227	DGuard_PhA_L57	36	70	50	SELF	296760*2,296761*1
799227	DGuard_PhA_L57	71	100	50	SELF	296760*2
799295	DGuard_ReA_L55	0	34	100	TARGET	296727*1
799300	DGuard_ReA_L56	0	34	100	TARGET	296728*1
799318	DGuard_ReA_L56	0	34	100	TARGET	296728*1
799323	DGuard_PhA_L60	0	34	50	SELF	296764*3,296765*2
799323	DGuard_PhA_L60	36	70	50	SELF	296764*2,296765*1
799323	DGuard_PhA_L60	71	100	50	SELF	296764*2
799327	DGuard_PhA_L57	0	34	50	SELF	296760*3,296761*2
799327	DGuard_PhA_L57	36	70	50	SELF	296760*2,296761*1
799327	DGuard_PhA_L57	71	100	50	SELF	296760*2
799363	DGuard_ReA_L56	0	34	100	TARGET	296728*1
800136	DGuard_ReA_L55	0	34	100	TARGET	296727*1
800144	DGuard_ReA_L55	0	34	100	TARGET	296727*1
800152	DGuard_ReA_L55	0	34	100	TARGET	296727*1
800295	LGuard_PhB_L55	0	34	50	TARGET	296649*2
800295	LGuard_PhB_L55	0	100	50	TARGET	296648*2
800297	DGuard_PhA_L60	0	34	50	SELF	296764*3,296765*2
800297	DGuard_PhA_L60	36	70	50	SELF	296764*2,296765*1
800297	DGuard_PhA_L60	71	100	50	SELF	296764*2
800298	LGuard_WhA_L60	0	34	100	SELF	296639*1
831012	DGuard_RhA_L57	0	34	100	SELF	296733*2,296729*3
831012	DGuard_RhA_L57	36	70	100	TARGET	296729*3
831015	DGuard_RhA_L57	0	34	100	SELF	296733*2,296729*3
831015	DGuard_RhA_L57	36	70	100	TARGET	296729*3
