npc	wake_ms	branch	order	priority	guards	kind	a1	a2	a3	place	x	y	z	pattern
207087	15000	0	0	7		spawn	207088	1	0	self	0.0	0.0	0.0	LDF4a_WindPath_Door
207087	15000	0	1	7		despawn_self	0	0	0		0.0	0.0	0.0	LDF4a_WindPath_Door
218893	20000	0	0	5	set_flag_var:0	spawn	218913	1	0	self	0.0	0.0	0.0	LDF4b_T1_Portal_1
218893	20000	0	1	5	set_flag_var:0	spawn	218913	1	0	self	0.0	0.0	0.0	LDF4b_T1_Portal_1
218893	20000	0	2	5	set_flag_var:0	spawn	218913	1	0	self	0.0	0.0	0.0	LDF4b_T1_Portal_1
218893	20000	0	3	5	set_flag_var:0	timer	5000	0	0		0.0	0.0	0.0	LDF4b_T1_Portal_1
218893	20000	1	0	4	set_flag_var:1	spawn	218912	1	0	self	0.0	0.0	0.0	LDF4b_T1_Portal_1
218893	20000	1	1	4	set_flag_var:1	timer	4000	0	0		0.0	0.0	0.0	LDF4b_T1_Portal_1
218893	20000	2	0	3	set_flag_var:2	spawn	218913	1	0	self	0.0	0.0	0.0	LDF4b_T1_Portal_1
218893	20000	2	1	3	set_flag_var:2	spawn	218913	1	0	self	0.0	0.0	0.0	LDF4b_T1_Portal_1
218893	20000	2	2	3	set_flag_var:2	spawn	218913	1	0	self	0.0	0.0	0.0	LDF4b_T1_Portal_1
218893	20000	2	3	3	set_flag_var:2	timer	1000	0	0		0.0	0.0	0.0	LDF4b_T1_Portal_1
218893	20000	3	0	2	set_flag_var:3	spawn	218913	1	0	self	0.0	0.0	0.0	LDF4b_T1_Portal_1
218893	20000	3	1	2	set_flag_var:3	spawn	218913	1	0	self	0.0	0.0	0.0	LDF4b_T1_Portal_1
218893	20000	3	2	2	set_flag_var:3	spawn	218913	1	0	self	0.0	0.0	0.0	LDF4b_T1_Portal_1
218893	20000	3	3	2	set_flag_var:3	timer	2000	0	0		0.0	0.0	0.0	LDF4b_T1_Portal_1
218893	20000	4	0	1	set_flag_var:4	timer	0	0	0		0.0	0.0	0.0	LDF4b_T1_Portal_1
218893	20000	4	1	1	set_flag_var:4	despawn_self	0	0	0		0.0	0.0	0.0	LDF4b_T1_Portal_1
218894	20000	0	0	5	set_flag_var:0	spawn	218909	1	0	self	0.0	0.0	0.0	LDF4b_T1_Portal_2
218894	20000	0	1	5	set_flag_var:0	spawn	218909	1	0	self	0.0	0.0	0.0	LDF4b_T1_Portal_2
218894	20000	0	2	5	set_flag_var:0	timer	2000	0	0		0.0	0.0	0.0	LDF4b_T1_Portal_2
218894	20000	1	0	4	set_flag_var:1	spawn	218910	1	0	self	0.0	0.0	0.0	LDF4b_T1_Portal_2
218894	20000	1	1	4	set_flag_var:1	timer	2000	0	0		0.0	0.0	0.0	LDF4b_T1_Portal_2
218894	20000	2	0	3	set_flag_var:2	spawn	218911	1	0	self	0.0	0.0	0.0	LDF4b_T1_Portal_2
218894	20000	2	1	3	set_flag_var:2	timer	2000	0	0		0.0	0.0	0.0	LDF4b_T1_Portal_2
218894	20000	3	0	2	set_flag_var:3	spawn	218909	1	0	self	0.0	0.0	0.0	LDF4b_T1_Portal_2
218894	20000	3	1	2	set_flag_var:3	spawn	218909	1	0	self	0.0	0.0	0.0	LDF4b_T1_Portal_2
218894	20000	3	2	2	set_flag_var:3	timer	2000	0	0		0.0	0.0	0.0	LDF4b_T1_Portal_2
218894	20000	4	0	1	set_flag_var:4	timer	0	0	0		0.0	0.0	0.0	LDF4b_T1_Portal_2
218894	20000	4	1	1	set_flag_var:4	despawn_self	0	0	0		0.0	0.0	0.0	LDF4b_T1_Portal_2
218895	20000	0	0	5	set_flag_var:0	spawn	218905	1	0	self	0.0	0.0	0.0	LDF4b_T1_Portal_3
218895	20000	0	1	5	set_flag_var:0	spawn	218905	1	0	self	0.0	0.0	0.0	LDF4b_T1_Portal_3
218895	20000	0	2	5	set_flag_var:0	timer	2000	0	0		0.0	0.0	0.0	LDF4b_T1_Portal_3
218895	20000	1	0	4	set_flag_var:1	spawn	218907	1	0	self	0.0	0.0	0.0	LDF4b_T1_Portal_3
218895	20000	1	1	4	set_flag_var:1	timer	3000	0	0		0.0	0.0	0.0	LDF4b_T1_Portal_3
218895	20000	2	0	3	set_flag_var:2	spawn	218906	1	0	self	0.0	0.0	0.0	LDF4b_T1_Portal_3
218895	20000	2	1	3	set_flag_var:2	timer	2000	0	0		0.0	0.0	0.0	LDF4b_T1_Portal_3
218895	20000	3	0	2	set_flag_var:3	spawn	218905	1	0	self	0.0	0.0	0.0	LDF4b_T1_Portal_3
218895	20000	3	1	2	set_flag_var:3	spawn	218905	1	0	self	0.0	0.0	0.0	LDF4b_T1_Portal_3
218895	20000	3	2	2	set_flag_var:3	timer	3000	0	0		0.0	0.0	0.0	LDF4b_T1_Portal_3
218895	20000	4	0	1	set_flag_var:4	timer	0	0	0		0.0	0.0	0.0	LDF4b_T1_Portal_3
218895	20000	4	1	1	set_flag_var:4	despawn_self	0	0	0		0.0	0.0	0.0	LDF4b_T1_Portal_3
218896	20000	0	0	5	set_flag_var:0	spawn	218913	1	0	self	0.0	0.0	0.0	LDF4b_T2_Portal_1
218896	20000	0	1	5	set_flag_var:0	spawn	218913	1	0	self	0.0	0.0	0.0	LDF4b_T2_Portal_1
218896	20000	0	2	5	set_flag_var:0	spawn	218913	1	0	self	0.0	0.0	0.0	LDF4b_T2_Portal_1
218896	20000	0	3	5	set_flag_var:0	timer	5000	0	0		0.0	0.0	0.0	LDF4b_T2_Portal_1
218896	20000	1	0	4	set_flag_var:1	spawn	218912	1	0	self	0.0	0.0	0.0	LDF4b_T2_Portal_1
218896	20000	1	1	4	set_flag_var:1	timer	4000	0	0		0.0	0.0	0.0	LDF4b_T2_Portal_1
218896	20000	2	0	3	set_flag_var:2	spawn	218913	1	0	self	0.0	0.0	0.0	LDF4b_T2_Portal_1
218896	20000	2	1	3	set_flag_var:2	spawn	218913	1	0	self	0.0	0.0	0.0	LDF4b_T2_Portal_1
218896	20000	2	2	3	set_flag_var:2	spawn	218913	1	0	self	0.0	0.0	0.0	LDF4b_T2_Portal_1
218896	20000	2	3	3	set_flag_var:2	timer	1000	0	0		0.0	0.0	0.0	LDF4b_T2_Portal_1
218896	20000	3	0	2	set_flag_var:3	spawn	218913	1	0	self	0.0	0.0	0.0	LDF4b_T2_Portal_1
218896	20000	3	1	2	set_flag_var:3	spawn	218913	1	0	self	0.0	0.0	0.0	LDF4b_T2_Portal_1
218896	20000	3	2	2	set_flag_var:3	spawn	218913	1	0	self	0.0	0.0	0.0	LDF4b_T2_Portal_1
218896	20000	3	3	2	set_flag_var:3	timer	2000	0	0		0.0	0.0	0.0	LDF4b_T2_Portal_1
218896	20000	4	0	1	set_flag_var:4	timer	0	0	0		0.0	0.0	0.0	LDF4b_T2_Portal_1
218896	20000	4	1	1	set_flag_var:4	despawn_self	0	0	0		0.0	0.0	0.0	LDF4b_T2_Portal_1
218897	20000	0	0	5	set_flag_var:0	spawn	218909	1	0	self	0.0	0.0	0.0	LDF4b_T2_Portal_2
218897	20000	0	1	5	set_flag_var:0	spawn	218909	1	0	self	0.0	0.0	0.0	LDF4b_T2_Portal_2
218897	20000	0	2	5	set_flag_var:0	timer	2000	0	0		0.0	0.0	0.0	LDF4b_T2_Portal_2
218897	20000	1	0	4	set_flag_var:1	spawn	218910	1	0	self	0.0	0.0	0.0	LDF4b_T2_Portal_2
218897	20000	1	1	4	set_flag_var:1	timer	2000	0	0		0.0	0.0	0.0	LDF4b_T2_Portal_2
218897	20000	2	0	3	set_flag_var:2	spawn	218911	1	0	self	0.0	0.0	0.0	LDF4b_T2_Portal_2
218897	20000	2	1	3	set_flag_var:2	timer	2000	0	0		0.0	0.0	0.0	LDF4b_T2_Portal_2
218897	20000	3	0	2	set_flag_var:3	spawn	218909	1	0	self	0.0	0.0	0.0	LDF4b_T2_Portal_2
218897	20000	3	1	2	set_flag_var:3	spawn	218909	1	0	self	0.0	0.0	0.0	LDF4b_T2_Portal_2
218897	20000	3	2	2	set_flag_var:3	timer	2000	0	0		0.0	0.0	0.0	LDF4b_T2_Portal_2
218897	20000	4	0	1	set_flag_var:4	timer	0	0	0		0.0	0.0	0.0	LDF4b_T2_Portal_2
218897	20000	4	1	1	set_flag_var:4	despawn_self	0	0	0		0.0	0.0	0.0	LDF4b_T2_Portal_2
218898	20000	0	0	5	set_flag_var:0	spawn	218905	1	0	self	0.0	0.0	0.0	LDF4b_T2_Portal_3
218898	20000	0	1	5	set_flag_var:0	spawn	218905	1	0	self	0.0	0.0	0.0	LDF4b_T2_Portal_3
218898	20000	0	2	5	set_flag_var:0	timer	2000	0	0		0.0	0.0	0.0	LDF4b_T2_Portal_3
218898	20000	1	0	4	set_flag_var:1	spawn	218907	1	0	self	0.0	0.0	0.0	LDF4b_T2_Portal_3
218898	20000	1	1	4	set_flag_var:1	timer	3000	0	0		0.0	0.0	0.0	LDF4b_T2_Portal_3
218898	20000	2	0	3	set_flag_var:2	spawn	218906	1	0	self	0.0	0.0	0.0	LDF4b_T2_Portal_3
218898	20000	2	1	3	set_flag_var:2	timer	2000	0	0		0.0	0.0	0.0	LDF4b_T2_Portal_3
218898	20000	3	0	2	set_flag_var:3	spawn	218905	1	0	self	0.0	0.0	0.0	LDF4b_T2_Portal_3
218898	20000	3	1	2	set_flag_var:3	spawn	218905	1	0	self	0.0	0.0	0.0	LDF4b_T2_Portal_3
218898	20000	3	2	2	set_flag_var:3	timer	3000	0	0		0.0	0.0	0.0	LDF4b_T2_Portal_3
218898	20000	4	0	1	set_flag_var:4	timer	0	0	0		0.0	0.0	0.0	LDF4b_T2_Portal_3
218898	20000	4	1	1	set_flag_var:4	despawn_self	0	0	0		0.0	0.0	0.0	LDF4b_T2_Portal_3
218899	20000	0	0	5	set_flag_var:0	spawn	218913	1	0	self	0.0	0.0	0.0	LDF4b_T3_Portal_1
218899	20000	0	1	5	set_flag_var:0	spawn	218913	1	0	self	0.0	0.0	0.0	LDF4b_T3_Portal_1
218899	20000	0	2	5	set_flag_var:0	spawn	218913	1	0	self	0.0	0.0	0.0	LDF4b_T3_Portal_1
218899	20000	0	3	5	set_flag_var:0	timer	5000	0	0		0.0	0.0	0.0	LDF4b_T3_Portal_1
218899	20000	1	0	4	set_flag_var:1	spawn	218912	1	0	self	0.0	0.0	0.0	LDF4b_T3_Portal_1
218899	20000	1	1	4	set_flag_var:1	timer	4000	0	0		0.0	0.0	0.0	LDF4b_T3_Portal_1
218899	20000	2	0	3	set_flag_var:2	spawn	218913	1	0	self	0.0	0.0	0.0	LDF4b_T3_Portal_1
218899	20000	2	1	3	set_flag_var:2	spawn	218913	1	0	self	0.0	0.0	0.0	LDF4b_T3_Portal_1
218899	20000	2	2	3	set_flag_var:2	spawn	218913	1	0	self	0.0	0.0	0.0	LDF4b_T3_Portal_1
218899	20000	2	3	3	set_flag_var:2	timer	2000	0	0		0.0	0.0	0.0	LDF4b_T3_Portal_1
218899	20000	3	0	2	set_flag_var:3	spawn	218913	1	0	self	0.0	0.0	0.0	LDF4b_T3_Portal_1
218899	20000	3	1	2	set_flag_var:3	spawn	218913	1	0	self	0.0	0.0	0.0	LDF4b_T3_Portal_1
218899	20000	3	2	2	set_flag_var:3	spawn	218913	1	0	self	0.0	0.0	0.0	LDF4b_T3_Portal_1
218899	20000	3	3	2	set_flag_var:3	timer	2000	0	0		0.0	0.0	0.0	LDF4b_T3_Portal_1
218899	20000	4	0	1	set_flag_var:4	timer	0	0	0		0.0	0.0	0.0	LDF4b_T3_Portal_1
218899	20000	4	1	1	set_flag_var:4	despawn_self	0	0	0		0.0	0.0	0.0	LDF4b_T3_Portal_1
218900	20000	0	0	5	set_flag_var:0	spawn	218909	1	0	self	0.0	0.0	0.0	LDF4b_T3_Portal_2
218900	20000	0	1	5	set_flag_var:0	spawn	218909	1	0	self	0.0	0.0	0.0	LDF4b_T3_Portal_2
218900	20000	0	2	5	set_flag_var:0	timer	2000	0	0		0.0	0.0	0.0	LDF4b_T3_Portal_2
218900	20000	1	0	4	set_flag_var:1	spawn	218910	1	0	self	0.0	0.0	0.0	LDF4b_T3_Portal_2
218900	20000	1	1	4	set_flag_var:1	timer	2000	0	0		0.0	0.0	0.0	LDF4b_T3_Portal_2
218900	20000	2	0	3	set_flag_var:2	spawn	218911	1	0	self	0.0	0.0	0.0	LDF4b_T3_Portal_2
218900	20000	2	1	3	set_flag_var:2	timer	2000	0	0		0.0	0.0	0.0	LDF4b_T3_Portal_2
218900	20000	3	0	2	set_flag_var:3	spawn	218909	1	0	self	0.0	0.0	0.0	LDF4b_T3_Portal_2
218900	20000	3	1	2	set_flag_var:3	spawn	218909	1	0	self	0.0	0.0	0.0	LDF4b_T3_Portal_2
218900	20000	3	2	2	set_flag_var:3	timer	2000	0	0		0.0	0.0	0.0	LDF4b_T3_Portal_2
218900	20000	4	0	1	set_flag_var:4	timer	0	0	0		0.0	0.0	0.0	LDF4b_T3_Portal_2
218900	20000	4	1	1	set_flag_var:4	despawn_self	0	0	0		0.0	0.0	0.0	LDF4b_T3_Portal_2
218901	20000	0	0	5	set_flag_var:0	spawn	218905	1	0	self	0.0	0.0	0.0	LDF4b_T3_Portal_3
218901	20000	0	1	5	set_flag_var:0	spawn	218905	1	0	self	0.0	0.0	0.0	LDF4b_T3_Portal_3
218901	20000	0	2	5	set_flag_var:0	timer	2000	0	0		0.0	0.0	0.0	LDF4b_T3_Portal_3
218901	20000	1	0	4	set_flag_var:1	spawn	218907	1	0	self	0.0	0.0	0.0	LDF4b_T3_Portal_3
218901	20000	1	1	4	set_flag_var:1	timer	3000	0	0		0.0	0.0	0.0	LDF4b_T3_Portal_3
218901	20000	2	0	3	set_flag_var:2	spawn	218906	1	0	self	0.0	0.0	0.0	LDF4b_T3_Portal_3
218901	20000	2	1	3	set_flag_var:2	timer	2000	0	0		0.0	0.0	0.0	LDF4b_T3_Portal_3
218901	20000	3	0	2	set_flag_var:3	spawn	218905	1	0	self	0.0	0.0	0.0	LDF4b_T3_Portal_3
218901	20000	3	1	2	set_flag_var:3	spawn	218905	1	0	self	0.0	0.0	0.0	LDF4b_T3_Portal_3
218901	20000	3	2	2	set_flag_var:3	timer	3000	0	0		0.0	0.0	0.0	LDF4b_T3_Portal_3
218901	20000	4	0	1	set_flag_var:4	timer	0	0	0		0.0	0.0	0.0	LDF4b_T3_Portal_3
218901	20000	4	1	1	set_flag_var:4	despawn_self	0	0	0		0.0	0.0	0.0	LDF4b_T3_Portal_3
218902	20000	0	0	5	set_flag_var:0	spawn	218913	1	0	self	0.0	0.0	0.0	LDF4b_T4_Portal_1
218902	20000	0	1	5	set_flag_var:0	spawn	218913	1	0	self	0.0	0.0	0.0	LDF4b_T4_Portal_1
218902	20000	0	2	5	set_flag_var:0	spawn	218913	1	0	self	0.0	0.0	0.0	LDF4b_T4_Portal_1
218902	20000	0	3	5	set_flag_var:0	timer	5000	0	0		0.0	0.0	0.0	LDF4b_T4_Portal_1
218902	20000	1	0	4	set_flag_var:1	spawn	218912	1	0	self	0.0	0.0	0.0	LDF4b_T4_Portal_1
218902	20000	1	1	4	set_flag_var:1	timer	4000	0	0		0.0	0.0	0.0	LDF4b_T4_Portal_1
218902	20000	2	0	3	set_flag_var:2	spawn	218913	1	0	self	0.0	0.0	0.0	LDF4b_T4_Portal_1
218902	20000	2	1	3	set_flag_var:2	spawn	218913	1	0	self	0.0	0.0	0.0	LDF4b_T4_Portal_1
218902	20000	2	2	3	set_flag_var:2	spawn	218913	1	0	self	0.0	0.0	0.0	LDF4b_T4_Portal_1
218902	20000	2	3	3	set_flag_var:2	timer	1000	0	0		0.0	0.0	0.0	LDF4b_T4_Portal_1
218902	20000	3	0	2	set_flag_var:3	spawn	218913	1	0	self	0.0	0.0	0.0	LDF4b_T4_Portal_1
218902	20000	3	1	2	set_flag_var:3	spawn	218913	1	0	self	0.0	0.0	0.0	LDF4b_T4_Portal_1
218902	20000	3	2	2	set_flag_var:3	spawn	218913	1	0	self	0.0	0.0	0.0	LDF4b_T4_Portal_1
218902	20000	3	3	2	set_flag_var:3	timer	2000	0	0		0.0	0.0	0.0	LDF4b_T4_Portal_1
218902	20000	4	0	1	set_flag_var:4	timer	0	0	0		0.0	0.0	0.0	LDF4b_T4_Portal_1
218902	20000	4	1	1	set_flag_var:4	despawn_self	0	0	0		0.0	0.0	0.0	LDF4b_T4_Portal_1
218903	20000	0	0	5	set_flag_var:0	spawn	218909	1	0	self	0.0	0.0	0.0	LDF4b_T4_Portal_2
218903	20000	0	1	5	set_flag_var:0	spawn	218909	1	0	self	0.0	0.0	0.0	LDF4b_T4_Portal_2
218903	20000	0	2	5	set_flag_var:0	timer	2000	0	0		0.0	0.0	0.0	LDF4b_T4_Portal_2
218903	20000	1	0	4	set_flag_var:1	spawn	218910	1	0	self	0.0	0.0	0.0	LDF4b_T4_Portal_2
218903	20000	1	1	4	set_flag_var:1	timer	2000	0	0		0.0	0.0	0.0	LDF4b_T4_Portal_2
218903	20000	2	0	3	set_flag_var:2	spawn	218911	1	0	self	0.0	0.0	0.0	LDF4b_T4_Portal_2
218903	20000	2	1	3	set_flag_var:2	timer	2000	0	0		0.0	0.0	0.0	LDF4b_T4_Portal_2
218903	20000	3	0	2	set_flag_var:3	spawn	218909	1	0	self	0.0	0.0	0.0	LDF4b_T4_Portal_2
218903	20000	3	1	2	set_flag_var:3	spawn	218909	1	0	self	0.0	0.0	0.0	LDF4b_T4_Portal_2
218903	20000	3	2	2	set_flag_var:3	timer	2000	0	0		0.0	0.0	0.0	LDF4b_T4_Portal_2
218903	20000	4	0	1	set_flag_var:4	timer	0	0	0		0.0	0.0	0.0	LDF4b_T4_Portal_2
218903	20000	4	1	1	set_flag_var:4	despawn_self	0	0	0		0.0	0.0	0.0	LDF4b_T4_Portal_2
218904	20000	0	0	5	set_flag_var:0	spawn	218905	1	0	self	0.0	0.0	0.0	LDF4b_T4_Portal_3
218904	20000	0	1	5	set_flag_var:0	spawn	218905	1	0	self	0.0	0.0	0.0	LDF4b_T4_Portal_3
218904	20000	0	2	5	set_flag_var:0	timer	2000	0	0		0.0	0.0	0.0	LDF4b_T4_Portal_3
218904	20000	1	0	4	set_flag_var:1	spawn	218907	1	0	self	0.0	0.0	0.0	LDF4b_T4_Portal_3
218904	20000	1	1	4	set_flag_var:1	timer	3000	0	0		0.0	0.0	0.0	LDF4b_T4_Portal_3
218904	20000	2	0	3	set_flag_var:2	spawn	218906	1	0	self	0.0	0.0	0.0	LDF4b_T4_Portal_3
218904	20000	2	1	3	set_flag_var:2	timer	2000	0	0		0.0	0.0	0.0	LDF4b_T4_Portal_3
218904	20000	3	0	2	set_flag_var:3	spawn	218905	1	0	self	0.0	0.0	0.0	LDF4b_T4_Portal_3
218904	20000	3	1	2	set_flag_var:3	spawn	218905	1	0	self	0.0	0.0	0.0	LDF4b_T4_Portal_3
218904	20000	3	2	2	set_flag_var:3	timer	3000	0	0		0.0	0.0	0.0	LDF4b_T4_Portal_3
218904	20000	4	0	1	set_flag_var:4	timer	0	0	0		0.0	0.0	0.0	LDF4b_T4_Portal_3
218904	20000	4	1	1	set_flag_var:4	despawn_self	0	0	0		0.0	0.0	0.0	LDF4b_T4_Portal_3
218914	2000	0	0	1		spawn	218908	1	180	self	0.0	0.0	0.0	LDF4b_Portal_DrakanFallOff_Invisible
218914	2000	0	1	1		timer	0	0	0		0.0	0.0	0.0	LDF4b_Portal_DrakanFallOff_Invisible
218914	2000	0	2	1		despawn_self	0	0	0		0.0	0.0	0.0	LDF4b_Portal_DrakanFallOff_Invisible
218915	15000	0	0	4	chance:35	spawn	799991	1	60	self	0.0	0.0	0.0	LDF4b_Portal_Refuge_Spawner
218915	15000	0	1	4	chance:35	timer	7000	0	0		0.0	0.0	0.0	LDF4b_Portal_Refuge_Spawner
218915	15000	1	0	3	chance:35	spawn	799992	1	60	self	0.0	0.0	0.0	LDF4b_Portal_Refuge_Spawner
218915	15000	1	1	3	chance:35	timer	10000	0	0		0.0	0.0	0.0	LDF4b_Portal_Refuge_Spawner
218915	15000	2	0	2	chance:35	spawn	799993	1	60	self	0.0	0.0	0.0	LDF4b_Portal_Refuge_Spawner
218915	15000	2	1	2	chance:35	timer	8000	0	0		0.0	0.0	0.0	LDF4b_Portal_Refuge_Spawner
218915	15000	3	0	1		timer	7000	0	0		0.0	0.0	0.0	LDF4b_Portal_Refuge_Spawner
282240	3000	0	0	3	set_flag_var:0	spawn	282190	5	60	self	0.0	0.0	0.0	IDForest_Wave_Phase1
282240	3000	0	1	3	set_flag_var:0	timer	5000	0	0		0.0	0.0	0.0	IDForest_Wave_Phase1
282240	3000	1	0	2	set_flag_var:1	spawn	282190	3	60	self	0.0	0.0	0.0	IDForest_Wave_Phase1
282240	3000	1	1	2	set_flag_var:1	spawn	282191	1	60	self	0.0	0.0	0.0	IDForest_Wave_Phase1
282240	3000	1	2	2	set_flag_var:1	timer	0	0	0		0.0	0.0	0.0	IDForest_Wave_Phase1
282241	3000	0	0	3	set_flag_var:0	spawn	282194	2	60	self	0.0	0.0	0.0	IDForest_Wave_Phase2
282241	3000	0	1	3	set_flag_var:0	spawn	282195	1	60	self	0.0	0.0	0.0	IDForest_Wave_Phase2
282241	3000	0	2	3	set_flag_var:0	timer	3000	0	0		0.0	0.0	0.0	IDForest_Wave_Phase2
282241	3000	1	0	2	set_flag_var:1	spawn	282194	6	60	self	0.0	0.0	0.0	IDForest_Wave_Phase2
282241	3000	1	1	2	set_flag_var:1	timer	0	0	0		0.0	0.0	0.0	IDForest_Wave_Phase2
282242	5000	0	0	3	set_flag_var:0	spawn	282190	5	60	self	0.0	0.0	0.0	IDForest_Wave_Phase3
282242	5000	1	0	2	set_flag_var:1	spawn	282193	1	60	self	0.0	0.0	0.0	IDForest_Wave_Phase3
282242	5000	1	1	2	set_flag_var:1	timer	0	0	0		0.0	0.0	0.0	IDForest_Wave_Phase3
282253	5000	0	0	3	set_flag_var:0	spawn	282195	2	60	self	0.0	0.0	0.0	IDForest_Wave_Phase4
282253	5000	1	0	2	set_flag_var:1	spawn	282197	1	60	self	0.0	0.0	0.0	IDForest_Wave_Phase4
282253	5000	1	1	2	set_flag_var:1	timer	0	0	0		0.0	0.0	0.0	IDForest_Wave_Phase4
282257	2500	0	0	1	set_flag_var:0	spawn	217300	1	0	self	0.0	0.0	0.0	IDForest_wave_etc1
282257	2500	0	1	1	set_flag_var:0	timer	0	0	0		0.0	0.0	0.0	IDForest_wave_etc1
282300	25000	0	0	1		spawn	282430	1	60	self	0.0	0.0	0.0	IDForest_Bridge_Sum1
282300	25000	0	1	1		despawn_self	0	0	0		0.0	0.0	0.0	IDForest_Bridge_Sum1
282429	25000	0	0	1		spawn	282430	1	60	self	0.0	0.0	0.0	IDForest_Bridge_Sum1
282429	25000	0	1	1		despawn_self	0	0	0		0.0	0.0	0.0	IDForest_Bridge_Sum1
282528	2500	0	0	1	set_flag_var:0	spawn	217300	1	0	self	0.0	0.0	0.0	IDForest_wave_etc1
282528	2500	0	1	1	set_flag_var:0	timer	0	0	0		0.0	0.0	0.0	IDForest_wave_etc1
282546	2000	0	0	7	set_flag_var:0	spawn	282543	1	0	self	0.0	0.0	0.0	IDYun_Temp_14
282546	2000	0	1	7	set_flag_var:0	broadcast	20	15	0		0.0	0.0	0.0	IDYun_Temp_14
282546	2000	0	2	7	set_flag_var:0	timer	0	0	0		0.0	0.0	0.0	IDYun_Temp_14
282551	2500	0	0	1	set_flag_var:0	spawn	217293	1	0	self	0.0	0.0	0.0	IDYun_Temp_38
282551	2500	0	1	1	set_flag_var:0	timer	0	0	0		0.0	0.0	0.0	IDYun_Temp_38
282552	2000	0	0	5	set_flag_var:0	spawn	799676	1	180	absolute	696.25	162.13	60.0	IDYun_Temp_27
282552	2000	0	1	5	set_flag_var:0	timer	5000	0	0		0.0	0.0	0.0	IDYun_Temp_27
282552	2000	1	0	4	set_flag_var:1	spawn	799677	1	180	absolute	695.64	164.47	60.0	IDYun_Temp_27
282552	2000	1	1	4	set_flag_var:1	spawn	799678	1	180	absolute	694.67	166.56	60.0	IDYun_Temp_27
282552	2000	1	2	4	set_flag_var:1	timer	7000	0	0		0.0	0.0	0.0	IDYun_Temp_27
282552	2000	2	0	3	set_flag_var:2	spawn	799678	1	180	absolute	694.67	166.56	60.0	IDYun_Temp_27
282552	2000	2	1	3	set_flag_var:2	timer	5000	0	0		0.0	0.0	0.0	IDYun_Temp_27
282552	2000	3	0	2	set_flag_var:3	spawn	799676	1	180	absolute	696.25	162.13	60.0	IDYun_Temp_27
282552	2000	3	1	2	set_flag_var:3	spawn	799677	1	180	absolute	695.64	164.47	60.0	IDYun_Temp_27
282552	2000	3	2	2	set_flag_var:3	timer	6000	0	0		0.0	0.0	0.0	IDYun_Temp_27
282552	2000	4	0	1	unset_flag_var:0|unset_flag_var:1|unset_flag_var:2|unset_flag_var:3	timer	1000	0	0		0.0	0.0	0.0	IDYun_Temp_27
282925	5000	0	0	7	set_flag_var:0	spawn	282914	1	0	self	0.0	0.0	0.0	LDF4a_Public_Mob_summon_001
282926	5000	0	0	7	set_flag_var:0	spawn	282915	1	0	self	0.0	0.0	0.0	LDF4a_Public_Mob_summon_002
282927	5000	0	0	7	set_flag_var:0	spawn	282916	1	0	self	0.0	0.0	0.0	LDF4a_Public_Mob_summon_003
282928	5000	0	0	7	set_flag_var:0	spawn	282920	1	0	self	0.0	0.0	0.0	LDF4a_Public_Mob_summon_004
282929	5000	0	0	7	set_flag_var:0	spawn	282922	1	0	self	0.0	0.0	0.0	LDF4a_Public_Mob_summon_005
282930	5000	0	0	7	set_flag_var:0	spawn	282921	1	0	self	0.0	0.0	0.0	LDF4a_Public_Mob_summon_006
282931	5000	0	0	7	set_flag_var:0	spawn	282923	1	0	self	0.0	0.0	0.0	LDF4a_Public_Mob_summon_007
283039	2000	0	0	6	set_flag_var:0	spawn	283100	1	4	self	0.0	0.0	0.0	IDTiamat_BomberQueen_SumBomber_OnDie
283039	2000	0	1	6	set_flag_var:0	timer	1000	0	0		0.0	0.0	0.0	IDTiamat_BomberQueen_SumBomber_OnDie
283039	2000	1	0	5	set_flag_var:1	spawn	283100	1	4	self	0.0	0.0	0.0	IDTiamat_BomberQueen_SumBomber_OnDie
283039	2000	1	1	5	set_flag_var:1	timer	1000	0	0		0.0	0.0	0.0	IDTiamat_BomberQueen_SumBomber_OnDie
283039	2000	2	0	4	set_flag_var:2	spawn	283100	1	4	self	0.0	0.0	0.0	IDTiamat_BomberQueen_SumBomber_OnDie
283039	2000	2	1	4	set_flag_var:2	timer	1000	0	0		0.0	0.0	0.0	IDTiamat_BomberQueen_SumBomber_OnDie
283039	2000	3	0	3	set_flag_var:3	spawn	283100	1	4	self	0.0	0.0	0.0	IDTiamat_BomberQueen_SumBomber_OnDie
283039	2000	3	1	3	set_flag_var:3	timer	1000	0	0		0.0	0.0	0.0	IDTiamat_BomberQueen_SumBomber_OnDie
283039	2000	4	0	2	set_flag_var:4	spawn	283100	1	4	self	0.0	0.0	0.0	IDTiamat_BomberQueen_SumBomber_OnDie
283039	2000	4	1	2	set_flag_var:4	timer	1000	0	0		0.0	0.0	0.0	IDTiamat_BomberQueen_SumBomber_OnDie
283039	2000	5	0	1	set_flag_var:5	spawn	283100	1	4	self	0.0	0.0	0.0	IDTiamat_BomberQueen_SumBomber_OnDie
283039	2000	5	1	1	set_flag_var:5	timer	0	0	0		0.0	0.0	0.0	IDTiamat_BomberQueen_SumBomber_OnDie
283039	2000	5	2	1	set_flag_var:5	despawn_self	0	0	0		0.0	0.0	0.0	IDTiamat_BomberQueen_SumBomber_OnDie
283104	2000	0	0	6	set_flag_var:0	timer	2000	0	0		0.0	0.0	0.0	IDTiamat_Tahabata_SpurtDMG
283104	2000	0	1	6	set_flag_var:0	spawn	283052	1	3	self	0.0	0.0	0.0	IDTiamat_Tahabata_SpurtDMG
283104	2000	1	0	5	set_flag_var:1	timer	2000	0	0		0.0	0.0	0.0	IDTiamat_Tahabata_SpurtDMG
283104	2000	1	1	5	set_flag_var:1	spawn	283052	1	3	self	0.0	0.0	0.0	IDTiamat_Tahabata_SpurtDMG
283104	2000	2	0	4	set_flag_var:2	timer	2000	0	0		0.0	0.0	0.0	IDTiamat_Tahabata_SpurtDMG
283104	2000	2	1	4	set_flag_var:2	spawn	283052	1	3	self	0.0	0.0	0.0	IDTiamat_Tahabata_SpurtDMG
283104	2000	3	0	3	set_flag_var:3	timer	2000	0	0		0.0	0.0	0.0	IDTiamat_Tahabata_SpurtDMG
283104	2000	3	1	3	set_flag_var:3	spawn	283052	1	3	self	0.0	0.0	0.0	IDTiamat_Tahabata_SpurtDMG
283104	2000	4	0	2	set_flag_var:4	timer	2000	0	0		0.0	0.0	0.0	IDTiamat_Tahabata_SpurtDMG
283104	2000	4	1	2	set_flag_var:4	spawn	283052	1	3	self	0.0	0.0	0.0	IDTiamat_Tahabata_SpurtDMG
283104	2000	5	0	1	set_flag_var:5	timer	0	0	0		0.0	0.0	0.0	IDTiamat_Tahabata_SpurtDMG
283104	2000	5	1	1	set_flag_var:5	spawn	283052	1	3	self	0.0	0.0	0.0	IDTiamat_Tahabata_SpurtDMG
283104	2000	5	2	1	set_flag_var:5	despawn_self	0	0	0		0.0	0.0	0.0	IDTiamat_Tahabata_SpurtDMG
284443	900000	0	0	7		spawn	284444	1	30	self	0.0	0.0	0.0	Rune_FrostNmd_MagCircle_NoShow3
284443	900000	0	1	7		spawn	284444	1	30	absolute	255.51	293.38	254.98	Rune_FrostNmd_MagCircle_NoShow3
284443	900000	0	2	7		spawn	284444	1	30	self	283.65	262.81	253.88	Rune_FrostNmd_MagCircle_NoShow3
284443	900000	0	3	7		spawn	284444	1	30	absolute	0.0	0.0	0.0	Rune_FrostNmd_MagCircle_NoShow3
284443	900000	0	4	7		spawn	284444	1	30	absolute	271.08	230.69	254.25	Rune_FrostNmd_MagCircle_NoShow3
284443	900000	0	5	7		spawn	284444	1	30	absolute	240.55	235.95	254.58	Rune_FrostNmd_MagCircle_NoShow3
284443	900000	0	6	7		spawn	284444	1	30	absolute	233.52	263.56	251.74	Rune_FrostNmd_MagCircle_NoShow3
284443	900000	0	7	7		spawn	284444	1	30	absolute	255.99	259.01	254.58	Rune_FrostNmd_MagCircle_NoShow3
284443	900000	0	8	7		spawn	284444	1	30	absolute	265.12	256.56	243.76	Rune_FrostNmd_MagCircle_NoShow3
284443	900000	0	9	7		spawn	284444	1	30	absolute	246.66	275.52	246.64	Rune_FrostNmd_MagCircle_NoShow3
284443	900000	0	10	7		spawn	284444	1	30	absolute	259.67	248.04	255.91	Rune_FrostNmd_MagCircle_NoShow3
284443	900000	0	11	7		spawn	284444	1	30	absolute	271.91	258.03	244.97	Rune_FrostNmd_MagCircle_NoShow3
284443	900000	0	12	7		spawn	284444	1	30	absolute	255.56	292.15	258.47	Rune_FrostNmd_MagCircle_NoShow3
284443	900000	0	13	7		spawn	284644	1	5	self	0.0	0.0	0.0	Rune_FrostNmd_MagCircle_NoShow3
284443	900000	0	14	7		var	0	1	0	cSetIdPortal	0.0	0.0	0.0	Rune_FrostNmd_MagCircle_NoShow3
284443	900000	0	15	7		timer	0	0	0		0.0	0.0	0.0	Rune_FrostNmd_MagCircle_NoShow3
287211	10000	0	0	7		spawn	287207	1	0	absolute	247.0	247.0	20.0	Test_GHB_BFboss_65_N
287211	10000	0	1	7		despawn_self	0	0	0		0.0	0.0	0.0	Test_GHB_BFboss_65_N
287212	5000	0	0	7	set_flag_var:0	spawn	287205	1	0	self	0.0	0.0	0.0	Test_GHB_VritraPotal_65_N
855238	5000	0	0	7	set_flag_var:0	spawn	855206	1	50	self	0.0	0.0	0.0	WorldRaid_Turret_Assult_3
855238	5000	0	1	7	set_flag_var:0	spawn	855207	1	50	self	0.0	0.0	0.0	WorldRaid_Turret_Assult_3
855238	5000	0	2	7	set_flag_var:0	spawn	855208	1	50	self	0.0	0.0	0.0	WorldRaid_Turret_Assult_3
855239	5000	0	0	7	set_flag_var:0	spawn	855206	1	50	self	0.0	0.0	0.0	WorldRaid_Turret_Assult_4
855239	5000	0	1	7	set_flag_var:0	spawn	855207	1	50	self	0.0	0.0	0.0	WorldRaid_Turret_Assult_4
855239	5000	0	2	7	set_flag_var:0	spawn	855208	1	50	self	0.0	0.0	0.0	WorldRaid_Turret_Assult_4
855239	5000	0	3	7	set_flag_var:0	spawn	855209	1	50	self	0.0	0.0	0.0	WorldRaid_Turret_Assult_4
855760	8000	0	0	990	set_flag_var:1	timer	8000	0	0		0.0	0.0	0.0	Legion_01_1_Mon_01_Spawn
855760	8000	0	1	990	set_flag_var:1	spawn	855765	1	0	absolute	255.8	263.9	97.0	Legion_01_1_Mon_01_Spawn
855760	8000	0	2	990	set_flag_var:1	spawn	855765	1	0	absolute	247.8	247.6	97.0	Legion_01_1_Mon_01_Spawn
855760	8000	0	3	990	set_flag_var:1	spawn	855765	1	0	absolute	231.2	240.4	97.0	Legion_01_1_Mon_01_Spawn
855760	8000	0	4	990	set_flag_var:1	spawn	855765	1	0	absolute	214.2	247.6	97.0	Legion_01_1_Mon_01_Spawn
855760	8000	0	5	990	set_flag_var:1	spawn	855765	1	0	absolute	207.2	263.9	97.0	Legion_01_1_Mon_01_Spawn
855760	8000	0	6	990	set_flag_var:1	spawn	855765	1	0	absolute	248.4	281.9	97.0	Legion_01_1_Mon_01_Spawn
855760	8000	0	7	990	set_flag_var:1	spawn	855765	1	0	absolute	214.3	281.4	97.0	Legion_01_1_Mon_01_Spawn
855760	8000	0	8	990	set_flag_var:1	spawn	855765	1	0	absolute	231.0	288.8	97.0	Legion_01_1_Mon_01_Spawn
855760	8000	1	0	980	set_flag_var:2	timer	8000	0	0		0.0	0.0	0.0	Legion_01_1_Mon_01_Spawn
855760	8000	1	1	980	set_flag_var:2	spawn	855765	1	0	absolute	255.8	263.9	97.0	Legion_01_1_Mon_01_Spawn
855760	8000	1	2	980	set_flag_var:2	spawn	855765	1	0	absolute	247.8	247.6	97.0	Legion_01_1_Mon_01_Spawn
855760	8000	1	3	980	set_flag_var:2	spawn	855765	1	0	absolute	231.2	240.4	97.0	Legion_01_1_Mon_01_Spawn
855760	8000	1	4	980	set_flag_var:2	spawn	855765	1	0	absolute	214.2	247.6	97.0	Legion_01_1_Mon_01_Spawn
855760	8000	1	5	980	set_flag_var:2	spawn	855765	1	0	absolute	207.2	263.9	97.0	Legion_01_1_Mon_01_Spawn
855760	8000	1	6	980	set_flag_var:2	spawn	855765	1	0	absolute	248.4	281.9	97.0	Legion_01_1_Mon_01_Spawn
855760	8000	1	7	980	set_flag_var:2	spawn	855765	1	0	absolute	214.3	281.4	97.0	Legion_01_1_Mon_01_Spawn
855760	8000	1	8	980	set_flag_var:2	spawn	855765	1	0	absolute	231.0	288.8	97.0	Legion_01_1_Mon_01_Spawn
855760	8000	2	0	970	set_flag_var:3	timer	8000	0	0		0.0	0.0	0.0	Legion_01_1_Mon_01_Spawn
855760	8000	2	1	970	set_flag_var:3	spawn	855765	1	0	absolute	255.8	263.9	97.0	Legion_01_1_Mon_01_Spawn
855760	8000	2	2	970	set_flag_var:3	spawn	855765	1	0	absolute	247.8	247.6	97.0	Legion_01_1_Mon_01_Spawn
855760	8000	2	3	970	set_flag_var:3	spawn	855765	1	0	absolute	231.2	240.4	97.0	Legion_01_1_Mon_01_Spawn
855760	8000	2	4	970	set_flag_var:3	spawn	855765	1	0	absolute	214.2	247.6	97.0	Legion_01_1_Mon_01_Spawn
855760	8000	2	5	970	set_flag_var:3	spawn	855765	1	0	absolute	207.2	263.9	97.0	Legion_01_1_Mon_01_Spawn
855760	8000	2	6	970	set_flag_var:3	spawn	855765	1	0	absolute	248.4	281.9	97.0	Legion_01_1_Mon_01_Spawn
855760	8000	2	7	970	set_flag_var:3	spawn	855765	1	0	absolute	214.3	281.4	97.0	Legion_01_1_Mon_01_Spawn
855760	8000	2	8	970	set_flag_var:3	spawn	855765	1	0	absolute	231.0	288.8	97.0	Legion_01_1_Mon_01_Spawn
855760	8000	3	0	960	set_flag_var:4	timer	8000	0	0		0.0	0.0	0.0	Legion_01_1_Mon_01_Spawn
855760	8000	3	1	960	set_flag_var:4	spawn	855765	1	0	absolute	255.8	263.9	97.0	Legion_01_1_Mon_01_Spawn
855760	8000	3	2	960	set_flag_var:4	spawn	855765	1	0	absolute	247.8	247.6	97.0	Legion_01_1_Mon_01_Spawn
855760	8000	3	3	960	set_flag_var:4	spawn	855765	1	0	absolute	231.2	240.4	97.0	Legion_01_1_Mon_01_Spawn
855760	8000	3	4	960	set_flag_var:4	spawn	855765	1	0	absolute	214.2	247.6	97.0	Legion_01_1_Mon_01_Spawn
855760	8000	3	5	960	set_flag_var:4	spawn	855765	1	0	absolute	207.2	263.9	97.0	Legion_01_1_Mon_01_Spawn
855760	8000	3	6	960	set_flag_var:4	spawn	855765	1	0	absolute	248.4	281.9	97.0	Legion_01_1_Mon_01_Spawn
855760	8000	3	7	960	set_flag_var:4	spawn	855765	1	0	absolute	214.3	281.4	97.0	Legion_01_1_Mon_01_Spawn
855760	8000	3	8	960	set_flag_var:4	spawn	855765	1	0	absolute	231.0	288.8	97.0	Legion_01_1_Mon_01_Spawn
855760	8000	4	0	950	set_flag_var:5	timer	8000	0	0		0.0	0.0	0.0	Legion_01_1_Mon_01_Spawn
855760	8000	4	1	950	set_flag_var:5	spawn	855765	1	0	absolute	255.8	263.9	97.0	Legion_01_1_Mon_01_Spawn
855760	8000	4	2	950	set_flag_var:5	spawn	855765	1	0	absolute	247.8	247.6	97.0	Legion_01_1_Mon_01_Spawn
855760	8000	4	3	950	set_flag_var:5	spawn	855765	1	0	absolute	231.2	240.4	97.0	Legion_01_1_Mon_01_Spawn
855760	8000	4	4	950	set_flag_var:5	spawn	855765	1	0	absolute	214.2	247.6	97.0	Legion_01_1_Mon_01_Spawn
855760	8000	4	5	950	set_flag_var:5	spawn	855765	1	0	absolute	207.2	263.9	97.0	Legion_01_1_Mon_01_Spawn
855760	8000	4	6	950	set_flag_var:5	spawn	855765	1	0	absolute	248.4	281.9	97.0	Legion_01_1_Mon_01_Spawn
855760	8000	4	7	950	set_flag_var:5	spawn	855765	1	0	absolute	214.3	281.4	97.0	Legion_01_1_Mon_01_Spawn
855760	8000	4	8	950	set_flag_var:5	spawn	855765	1	0	absolute	231.0	288.8	97.0	Legion_01_1_Mon_01_Spawn
855760	8000	5	0	940	set_flag_var:25	despawn_self	0	0	0		0.0	0.0	0.0	Legion_01_1_Mon_01_Spawn
855761	8000	0	0	990	set_flag_var:1	timer	8000	0	0		0.0	0.0	0.0	Legion_01_1_Mon_02_Spawn
855761	8000	0	1	990	set_flag_var:1	spawn	855766	1	0	absolute	255.8	263.9	97.0	Legion_01_1_Mon_02_Spawn
855761	8000	0	2	990	set_flag_var:1	spawn	855766	1	0	absolute	247.8	247.6	97.0	Legion_01_1_Mon_02_Spawn
855761	8000	0	3	990	set_flag_var:1	spawn	855766	1	0	absolute	231.2	240.4	97.0	Legion_01_1_Mon_02_Spawn
855761	8000	0	4	990	set_flag_var:1	spawn	855766	1	0	absolute	214.2	247.6	97.0	Legion_01_1_Mon_02_Spawn
855761	8000	0	5	990	set_flag_var:1	spawn	855766	1	0	absolute	207.2	263.9	97.0	Legion_01_1_Mon_02_Spawn
855761	8000	0	6	990	set_flag_var:1	spawn	855766	1	0	absolute	248.4	281.9	97.0	Legion_01_1_Mon_02_Spawn
855761	8000	0	7	990	set_flag_var:1	spawn	855766	1	0	absolute	214.3	281.4	97.0	Legion_01_1_Mon_02_Spawn
855761	8000	0	8	990	set_flag_var:1	spawn	855766	1	0	absolute	231.0	288.8	97.0	Legion_01_1_Mon_02_Spawn
855761	8000	1	0	980	set_flag_var:2	timer	8000	0	0		0.0	0.0	0.0	Legion_01_1_Mon_02_Spawn
855761	8000	1	1	980	set_flag_var:2	spawn	855766	1	0	absolute	255.8	263.9	97.0	Legion_01_1_Mon_02_Spawn
855761	8000	1	2	980	set_flag_var:2	spawn	855766	1	0	absolute	247.8	247.6	97.0	Legion_01_1_Mon_02_Spawn
855761	8000	1	3	980	set_flag_var:2	spawn	855766	1	0	absolute	231.2	240.4	97.0	Legion_01_1_Mon_02_Spawn
855761	8000	1	4	980	set_flag_var:2	spawn	855766	1	0	absolute	214.2	247.6	97.0	Legion_01_1_Mon_02_Spawn
855761	8000	1	5	980	set_flag_var:2	spawn	855766	1	0	absolute	207.2	263.9	97.0	Legion_01_1_Mon_02_Spawn
855761	8000	1	6	980	set_flag_var:2	spawn	855766	1	0	absolute	248.4	281.9	97.0	Legion_01_1_Mon_02_Spawn
855761	8000	1	7	980	set_flag_var:2	spawn	855766	1	0	absolute	214.3	281.4	97.0	Legion_01_1_Mon_02_Spawn
855761	8000	1	8	980	set_flag_var:2	spawn	855766	1	0	absolute	231.0	288.8	97.0	Legion_01_1_Mon_02_Spawn
855761	8000	2	0	970	set_flag_var:3	timer	8000	0	0		0.0	0.0	0.0	Legion_01_1_Mon_02_Spawn
855761	8000	2	1	970	set_flag_var:3	spawn	855766	1	0	absolute	255.8	263.9	97.0	Legion_01_1_Mon_02_Spawn
855761	8000	2	2	970	set_flag_var:3	spawn	855766	1	0	absolute	247.8	247.6	97.0	Legion_01_1_Mon_02_Spawn
855761	8000	2	3	970	set_flag_var:3	spawn	855766	1	0	absolute	231.2	240.4	97.0	Legion_01_1_Mon_02_Spawn
855761	8000	2	4	970	set_flag_var:3	spawn	855766	1	0	absolute	214.2	247.6	97.0	Legion_01_1_Mon_02_Spawn
855761	8000	2	5	970	set_flag_var:3	spawn	855766	1	0	absolute	207.2	263.9	97.0	Legion_01_1_Mon_02_Spawn
855761	8000	2	6	970	set_flag_var:3	spawn	855766	1	0	absolute	248.4	281.9	97.0	Legion_01_1_Mon_02_Spawn
855761	8000	2	7	970	set_flag_var:3	spawn	855766	1	0	absolute	214.3	281.4	97.0	Legion_01_1_Mon_02_Spawn
855761	8000	2	8	970	set_flag_var:3	spawn	855766	1	0	absolute	231.0	288.8	97.0	Legion_01_1_Mon_02_Spawn
855761	8000	3	0	960	set_flag_var:4	timer	8000	0	0		0.0	0.0	0.0	Legion_01_1_Mon_02_Spawn
855761	8000	3	1	960	set_flag_var:4	spawn	855766	1	0	absolute	255.8	263.9	97.0	Legion_01_1_Mon_02_Spawn
855761	8000	3	2	960	set_flag_var:4	spawn	855766	1	0	absolute	247.8	247.6	97.0	Legion_01_1_Mon_02_Spawn
855761	8000	3	3	960	set_flag_var:4	spawn	855766	1	0	absolute	231.2	240.4	97.0	Legion_01_1_Mon_02_Spawn
855761	8000	3	4	960	set_flag_var:4	spawn	855766	1	0	absolute	214.2	247.6	97.0	Legion_01_1_Mon_02_Spawn
855761	8000	3	5	960	set_flag_var:4	spawn	855766	1	0	absolute	207.2	263.9	97.0	Legion_01_1_Mon_02_Spawn
855761	8000	3	6	960	set_flag_var:4	spawn	855766	1	0	absolute	248.4	281.9	97.0	Legion_01_1_Mon_02_Spawn
855761	8000	3	7	960	set_flag_var:4	spawn	855766	1	0	absolute	214.3	281.4	97.0	Legion_01_1_Mon_02_Spawn
855761	8000	3	8	960	set_flag_var:4	spawn	855766	1	0	absolute	231.0	288.8	97.0	Legion_01_1_Mon_02_Spawn
855761	8000	4	0	950	set_flag_var:5	timer	8000	0	0		0.0	0.0	0.0	Legion_01_1_Mon_02_Spawn
855761	8000	4	1	950	set_flag_var:5	spawn	855766	1	0	absolute	255.8	263.9	97.0	Legion_01_1_Mon_02_Spawn
855761	8000	4	2	950	set_flag_var:5	spawn	855766	1	0	absolute	247.8	247.6	97.0	Legion_01_1_Mon_02_Spawn
855761	8000	4	3	950	set_flag_var:5	spawn	855766	1	0	absolute	231.2	240.4	97.0	Legion_01_1_Mon_02_Spawn
855761	8000	4	4	950	set_flag_var:5	spawn	855766	1	0	absolute	214.2	247.6	97.0	Legion_01_1_Mon_02_Spawn
855761	8000	4	5	950	set_flag_var:5	spawn	855766	1	0	absolute	207.2	263.9	97.0	Legion_01_1_Mon_02_Spawn
855761	8000	4	6	950	set_flag_var:5	spawn	855766	1	0	absolute	248.4	281.9	97.0	Legion_01_1_Mon_02_Spawn
855761	8000	4	7	950	set_flag_var:5	spawn	855766	1	0	absolute	214.3	281.4	97.0	Legion_01_1_Mon_02_Spawn
855761	8000	4	8	950	set_flag_var:5	spawn	855766	1	0	absolute	231.0	288.8	97.0	Legion_01_1_Mon_02_Spawn
855761	8000	5	0	940	set_flag_var:25	despawn_self	0	0	0		0.0	0.0	0.0	Legion_01_1_Mon_02_Spawn
855762	8000	0	0	990	set_flag_var:1	timer	8000	0	0		0.0	0.0	0.0	Legion_01_1_Mon_03_Spawn
855762	8000	0	1	990	set_flag_var:1	spawn	855767	1	0	absolute	255.8	263.9	97.0	Legion_01_1_Mon_03_Spawn
855762	8000	0	2	990	set_flag_var:1	spawn	855767	1	0	absolute	247.8	247.6	97.0	Legion_01_1_Mon_03_Spawn
855762	8000	0	3	990	set_flag_var:1	spawn	855767	1	0	absolute	231.2	240.4	97.0	Legion_01_1_Mon_03_Spawn
855762	8000	0	4	990	set_flag_var:1	spawn	855767	1	0	absolute	214.2	247.6	97.0	Legion_01_1_Mon_03_Spawn
855762	8000	0	5	990	set_flag_var:1	spawn	855767	1	0	absolute	207.2	263.9	97.0	Legion_01_1_Mon_03_Spawn
855762	8000	0	6	990	set_flag_var:1	spawn	855767	1	0	absolute	248.4	281.9	97.0	Legion_01_1_Mon_03_Spawn
855762	8000	0	7	990	set_flag_var:1	spawn	855767	1	0	absolute	214.3	281.4	97.0	Legion_01_1_Mon_03_Spawn
855762	8000	0	8	990	set_flag_var:1	spawn	855767	1	0	absolute	231.0	288.8	97.0	Legion_01_1_Mon_03_Spawn
855762	8000	1	0	980	set_flag_var:2	timer	8000	0	0		0.0	0.0	0.0	Legion_01_1_Mon_03_Spawn
855762	8000	1	1	980	set_flag_var:2	spawn	855767	1	0	absolute	255.8	263.9	97.0	Legion_01_1_Mon_03_Spawn
855762	8000	1	2	980	set_flag_var:2	spawn	855767	1	0	absolute	247.8	247.6	97.0	Legion_01_1_Mon_03_Spawn
855762	8000	1	3	980	set_flag_var:2	spawn	855767	1	0	absolute	231.2	240.4	97.0	Legion_01_1_Mon_03_Spawn
855762	8000	1	4	980	set_flag_var:2	spawn	855767	1	0	absolute	214.2	247.6	97.0	Legion_01_1_Mon_03_Spawn
855762	8000	1	5	980	set_flag_var:2	spawn	855767	1	0	absolute	207.2	263.9	97.0	Legion_01_1_Mon_03_Spawn
855762	8000	1	6	980	set_flag_var:2	spawn	855767	1	0	absolute	248.4	281.9	97.0	Legion_01_1_Mon_03_Spawn
855762	8000	1	7	980	set_flag_var:2	spawn	855767	1	0	absolute	214.3	281.4	97.0	Legion_01_1_Mon_03_Spawn
855762	8000	1	8	980	set_flag_var:2	spawn	855767	1	0	absolute	231.0	288.8	97.0	Legion_01_1_Mon_03_Spawn
855762	8000	2	0	970	set_flag_var:3	timer	8000	0	0		0.0	0.0	0.0	Legion_01_1_Mon_03_Spawn
855762	8000	2	1	970	set_flag_var:3	spawn	855767	1	0	absolute	255.8	263.9	97.0	Legion_01_1_Mon_03_Spawn
855762	8000	2	2	970	set_flag_var:3	spawn	855767	1	0	absolute	247.8	247.6	97.0	Legion_01_1_Mon_03_Spawn
855762	8000	2	3	970	set_flag_var:3	spawn	855767	1	0	absolute	231.2	240.4	97.0	Legion_01_1_Mon_03_Spawn
855762	8000	2	4	970	set_flag_var:3	spawn	855767	1	0	absolute	214.2	247.6	97.0	Legion_01_1_Mon_03_Spawn
855762	8000	2	5	970	set_flag_var:3	spawn	855767	1	0	absolute	207.2	263.9	97.0	Legion_01_1_Mon_03_Spawn
855762	8000	2	6	970	set_flag_var:3	spawn	855767	1	0	absolute	248.4	281.9	97.0	Legion_01_1_Mon_03_Spawn
855762	8000	2	7	970	set_flag_var:3	spawn	855767	1	0	absolute	214.3	281.4	97.0	Legion_01_1_Mon_03_Spawn
855762	8000	2	8	970	set_flag_var:3	spawn	855767	1	0	absolute	231.0	288.8	97.0	Legion_01_1_Mon_03_Spawn
855762	8000	3	0	960	set_flag_var:4	timer	8000	0	0		0.0	0.0	0.0	Legion_01_1_Mon_03_Spawn
855762	8000	3	1	960	set_flag_var:4	spawn	855767	1	0	absolute	255.8	263.9	97.0	Legion_01_1_Mon_03_Spawn
855762	8000	3	2	960	set_flag_var:4	spawn	855767	1	0	absolute	247.8	247.6	97.0	Legion_01_1_Mon_03_Spawn
855762	8000	3	3	960	set_flag_var:4	spawn	855767	1	0	absolute	231.2	240.4	97.0	Legion_01_1_Mon_03_Spawn
855762	8000	3	4	960	set_flag_var:4	spawn	855767	1	0	absolute	214.2	247.6	97.0	Legion_01_1_Mon_03_Spawn
855762	8000	3	5	960	set_flag_var:4	spawn	855767	1	0	absolute	207.2	263.9	97.0	Legion_01_1_Mon_03_Spawn
855762	8000	3	6	960	set_flag_var:4	spawn	855767	1	0	absolute	248.4	281.9	97.0	Legion_01_1_Mon_03_Spawn
855762	8000	3	7	960	set_flag_var:4	spawn	855767	1	0	absolute	214.3	281.4	97.0	Legion_01_1_Mon_03_Spawn
855762	8000	3	8	960	set_flag_var:4	spawn	855767	1	0	absolute	231.0	288.8	97.0	Legion_01_1_Mon_03_Spawn
855762	8000	4	0	950	set_flag_var:5	timer	8000	0	0		0.0	0.0	0.0	Legion_01_1_Mon_03_Spawn
855762	8000	4	1	950	set_flag_var:5	spawn	855767	1	0	absolute	255.8	263.9	97.0	Legion_01_1_Mon_03_Spawn
855762	8000	4	2	950	set_flag_var:5	spawn	855767	1	0	absolute	247.8	247.6	97.0	Legion_01_1_Mon_03_Spawn
855762	8000	4	3	950	set_flag_var:5	spawn	855767	1	0	absolute	231.2	240.4	97.0	Legion_01_1_Mon_03_Spawn
855762	8000	4	4	950	set_flag_var:5	spawn	855767	1	0	absolute	214.2	247.6	97.0	Legion_01_1_Mon_03_Spawn
855762	8000	4	5	950	set_flag_var:5	spawn	855767	1	0	absolute	207.2	263.9	97.0	Legion_01_1_Mon_03_Spawn
855762	8000	4	6	950	set_flag_var:5	spawn	855767	1	0	absolute	248.4	281.9	97.0	Legion_01_1_Mon_03_Spawn
855762	8000	4	7	950	set_flag_var:5	spawn	855767	1	0	absolute	214.3	281.4	97.0	Legion_01_1_Mon_03_Spawn
855762	8000	4	8	950	set_flag_var:5	spawn	855767	1	0	absolute	231.0	288.8	97.0	Legion_01_1_Mon_03_Spawn
855762	8000	5	0	940	set_flag_var:25	despawn_self	0	0	0		0.0	0.0	0.0	Legion_01_1_Mon_03_Spawn
855783	8000	0	0	990	set_flag_var:1	timer	8000	0	0		0.0	0.0	0.0	Legion_02_1_Mon_01_Spawn
855783	8000	0	1	990	set_flag_var:1	spawn	855788	1	0	absolute	255.8	263.9	97.0	Legion_02_1_Mon_01_Spawn
855783	8000	0	2	990	set_flag_var:1	spawn	855765	1	0	absolute	247.8	247.6	97.0	Legion_02_1_Mon_01_Spawn
855783	8000	0	3	990	set_flag_var:1	spawn	855788	1	0	absolute	231.2	240.4	97.0	Legion_02_1_Mon_01_Spawn
855783	8000	0	4	990	set_flag_var:1	spawn	855765	1	0	absolute	214.2	247.6	97.0	Legion_02_1_Mon_01_Spawn
855783	8000	0	5	990	set_flag_var:1	spawn	855788	1	0	absolute	207.2	263.9	97.0	Legion_02_1_Mon_01_Spawn
855783	8000	0	6	990	set_flag_var:1	spawn	855765	1	0	absolute	248.4	281.9	97.0	Legion_02_1_Mon_01_Spawn
855783	8000	0	7	990	set_flag_var:1	spawn	855788	1	0	absolute	214.3	281.4	97.0	Legion_02_1_Mon_01_Spawn
855783	8000	0	8	990	set_flag_var:1	spawn	855765	1	0	absolute	231.0	288.8	97.0	Legion_02_1_Mon_01_Spawn
855783	8000	1	0	980	set_flag_var:2	timer	8000	0	0		0.0	0.0	0.0	Legion_02_1_Mon_01_Spawn
855783	8000	1	1	980	set_flag_var:2	spawn	855788	1	0	absolute	255.8	263.9	97.0	Legion_02_1_Mon_01_Spawn
855783	8000	1	2	980	set_flag_var:2	spawn	855788	1	0	absolute	247.8	247.6	97.0	Legion_02_1_Mon_01_Spawn
855783	8000	1	3	980	set_flag_var:2	spawn	855788	1	0	absolute	231.2	240.4	97.0	Legion_02_1_Mon_01_Spawn
855783	8000	1	4	980	set_flag_var:2	spawn	855788	1	0	absolute	214.2	247.6	97.0	Legion_02_1_Mon_01_Spawn
855783	8000	1	5	980	set_flag_var:2	spawn	855788	1	0	absolute	207.2	263.9	97.0	Legion_02_1_Mon_01_Spawn
855783	8000	1	6	980	set_flag_var:2	spawn	855788	1	0	absolute	248.4	281.9	97.0	Legion_02_1_Mon_01_Spawn
855783	8000	1	7	980	set_flag_var:2	spawn	855788	1	0	absolute	214.3	281.4	97.0	Legion_02_1_Mon_01_Spawn
855783	8000	1	8	980	set_flag_var:2	spawn	855788	1	0	absolute	231.0	288.8	97.0	Legion_02_1_Mon_01_Spawn
855783	8000	2	0	970	set_flag_var:3	timer	8000	0	0		0.0	0.0	0.0	Legion_02_1_Mon_01_Spawn
855783	8000	2	1	970	set_flag_var:3	spawn	855765	1	0	absolute	255.8	263.9	97.0	Legion_02_1_Mon_01_Spawn
855783	8000	2	2	970	set_flag_var:3	spawn	855788	1	0	absolute	247.8	247.6	97.0	Legion_02_1_Mon_01_Spawn
855783	8000	2	3	970	set_flag_var:3	spawn	855788	1	0	absolute	231.2	240.4	97.0	Legion_02_1_Mon_01_Spawn
855783	8000	2	4	970	set_flag_var:3	spawn	855765	1	0	absolute	214.2	247.6	97.0	Legion_02_1_Mon_01_Spawn
855783	8000	2	5	970	set_flag_var:3	spawn	855788	1	0	absolute	207.2	263.9	97.0	Legion_02_1_Mon_01_Spawn
855783	8000	2	6	970	set_flag_var:3	spawn	855788	1	0	absolute	248.4	281.9	97.0	Legion_02_1_Mon_01_Spawn
855783	8000	2	7	970	set_flag_var:3	spawn	855765	1	0	absolute	214.3	281.4	97.0	Legion_02_1_Mon_01_Spawn
855783	8000	2	8	970	set_flag_var:3	spawn	855788	1	0	absolute	231.0	288.8	97.0	Legion_02_1_Mon_01_Spawn
855783	8000	3	0	960	set_flag_var:4	timer	8000	0	0		0.0	0.0	0.0	Legion_02_1_Mon_01_Spawn
855783	8000	3	1	960	set_flag_var:4	spawn	855788	1	0	absolute	255.8	263.9	97.0	Legion_02_1_Mon_01_Spawn
855783	8000	3	2	960	set_flag_var:4	spawn	855765	1	0	absolute	247.8	247.6	97.0	Legion_02_1_Mon_01_Spawn
855783	8000	3	3	960	set_flag_var:4	spawn	855788	1	0	absolute	231.2	240.4	97.0	Legion_02_1_Mon_01_Spawn
855783	8000	3	4	960	set_flag_var:4	spawn	855788	1	0	absolute	214.2	247.6	97.0	Legion_02_1_Mon_01_Spawn
855783	8000	3	5	960	set_flag_var:4	spawn	855765	1	0	absolute	207.2	263.9	97.0	Legion_02_1_Mon_01_Spawn
855783	8000	3	6	960	set_flag_var:4	spawn	855788	1	0	absolute	248.4	281.9	97.0	Legion_02_1_Mon_01_Spawn
855783	8000	3	7	960	set_flag_var:4	spawn	855788	1	0	absolute	214.3	281.4	97.0	Legion_02_1_Mon_01_Spawn
855783	8000	3	8	960	set_flag_var:4	spawn	855765	1	0	absolute	231.0	288.8	97.0	Legion_02_1_Mon_01_Spawn
855783	8000	4	0	950	set_flag_var:5	timer	8000	0	0		0.0	0.0	0.0	Legion_02_1_Mon_01_Spawn
855783	8000	4	1	950	set_flag_var:5	spawn	855788	1	0	absolute	255.8	263.9	97.0	Legion_02_1_Mon_01_Spawn
855783	8000	4	2	950	set_flag_var:5	spawn	855788	1	0	absolute	247.8	247.6	97.0	Legion_02_1_Mon_01_Spawn
855783	8000	4	3	950	set_flag_var:5	spawn	855788	1	0	absolute	231.2	240.4	97.0	Legion_02_1_Mon_01_Spawn
855783	8000	4	4	950	set_flag_var:5	spawn	855788	1	0	absolute	214.2	247.6	97.0	Legion_02_1_Mon_01_Spawn
855783	8000	4	5	950	set_flag_var:5	spawn	855788	1	0	absolute	207.2	263.9	97.0	Legion_02_1_Mon_01_Spawn
855783	8000	4	6	950	set_flag_var:5	spawn	855788	1	0	absolute	248.4	281.9	97.0	Legion_02_1_Mon_01_Spawn
855783	8000	4	7	950	set_flag_var:5	spawn	855788	1	0	absolute	214.3	281.4	97.0	Legion_02_1_Mon_01_Spawn
855783	8000	4	8	950	set_flag_var:5	spawn	855788	1	0	absolute	231.0	288.8	97.0	Legion_02_1_Mon_01_Spawn
855783	8000	5	0	940	set_flag_var:25	despawn_self	0	0	0		0.0	0.0	0.0	Legion_02_1_Mon_01_Spawn
855784	8000	0	0	990	set_flag_var:1	timer	8000	0	0		0.0	0.0	0.0	Legion_02_1_Mon_02_Spawn
855784	8000	0	1	990	set_flag_var:1	spawn	855789	1	0	absolute	255.8	263.9	97.0	Legion_02_1_Mon_02_Spawn
855784	8000	0	2	990	set_flag_var:1	spawn	855766	1	0	absolute	247.8	247.6	97.0	Legion_02_1_Mon_02_Spawn
855784	8000	0	3	990	set_flag_var:1	spawn	855789	1	0	absolute	231.2	240.4	97.0	Legion_02_1_Mon_02_Spawn
855784	8000	0	4	990	set_flag_var:1	spawn	855766	1	0	absolute	214.2	247.6	97.0	Legion_02_1_Mon_02_Spawn
855784	8000	0	5	990	set_flag_var:1	spawn	855789	1	0	absolute	207.2	263.9	97.0	Legion_02_1_Mon_02_Spawn
855784	8000	0	6	990	set_flag_var:1	spawn	855766	1	0	absolute	248.4	281.9	97.0	Legion_02_1_Mon_02_Spawn
855784	8000	0	7	990	set_flag_var:1	spawn	855789	1	0	absolute	214.3	281.4	97.0	Legion_02_1_Mon_02_Spawn
855784	8000	0	8	990	set_flag_var:1	spawn	855766	1	0	absolute	231.0	288.8	97.0	Legion_02_1_Mon_02_Spawn
855784	8000	1	0	980	set_flag_var:2	timer	8000	0	0		0.0	0.0	0.0	Legion_02_1_Mon_02_Spawn
855784	8000	1	1	980	set_flag_var:2	spawn	855789	1	0	absolute	255.8	263.9	97.0	Legion_02_1_Mon_02_Spawn
855784	8000	1	2	980	set_flag_var:2	spawn	855789	1	0	absolute	247.8	247.6	97.0	Legion_02_1_Mon_02_Spawn
855784	8000	1	3	980	set_flag_var:2	spawn	855789	1	0	absolute	231.2	240.4	97.0	Legion_02_1_Mon_02_Spawn
855784	8000	1	4	980	set_flag_var:2	spawn	855789	1	0	absolute	214.2	247.6	97.0	Legion_02_1_Mon_02_Spawn
855784	8000	1	5	980	set_flag_var:2	spawn	855789	1	0	absolute	207.2	263.9	97.0	Legion_02_1_Mon_02_Spawn
855784	8000	1	6	980	set_flag_var:2	spawn	855789	1	0	absolute	248.4	281.9	97.0	Legion_02_1_Mon_02_Spawn
855784	8000	1	7	980	set_flag_var:2	spawn	855789	1	0	absolute	214.3	281.4	97.0	Legion_02_1_Mon_02_Spawn
855784	8000	1	8	980	set_flag_var:2	spawn	855789	1	0	absolute	231.0	288.8	97.0	Legion_02_1_Mon_02_Spawn
855784	8000	2	0	970	set_flag_var:3	timer	8000	0	0		0.0	0.0	0.0	Legion_02_1_Mon_02_Spawn
855784	8000	2	1	970	set_flag_var:3	spawn	855766	1	0	absolute	255.8	263.9	97.0	Legion_02_1_Mon_02_Spawn
855784	8000	2	2	970	set_flag_var:3	spawn	855789	1	0	absolute	247.8	247.6	97.0	Legion_02_1_Mon_02_Spawn
855784	8000	2	3	970	set_flag_var:3	spawn	855789	1	0	absolute	231.2	240.4	97.0	Legion_02_1_Mon_02_Spawn
855784	8000	2	4	970	set_flag_var:3	spawn	855766	1	0	absolute	214.2	247.6	97.0	Legion_02_1_Mon_02_Spawn
855784	8000	2	5	970	set_flag_var:3	spawn	855789	1	0	absolute	207.2	263.9	97.0	Legion_02_1_Mon_02_Spawn
855784	8000	2	6	970	set_flag_var:3	spawn	855789	1	0	absolute	248.4	281.9	97.0	Legion_02_1_Mon_02_Spawn
855784	8000	2	7	970	set_flag_var:3	spawn	855766	1	0	absolute	214.3	281.4	97.0	Legion_02_1_Mon_02_Spawn
855784	8000	2	8	970	set_flag_var:3	spawn	855789	1	0	absolute	231.0	288.8	97.0	Legion_02_1_Mon_02_Spawn
855784	8000	3	0	960	set_flag_var:4	timer	8000	0	0		0.0	0.0	0.0	Legion_02_1_Mon_02_Spawn
855784	8000	3	1	960	set_flag_var:4	spawn	855789	1	0	absolute	255.8	263.9	97.0	Legion_02_1_Mon_02_Spawn
855784	8000	3	2	960	set_flag_var:4	spawn	855766	1	0	absolute	247.8	247.6	97.0	Legion_02_1_Mon_02_Spawn
855784	8000	3	3	960	set_flag_var:4	spawn	855789	1	0	absolute	231.2	240.4	97.0	Legion_02_1_Mon_02_Spawn
855784	8000	3	4	960	set_flag_var:4	spawn	855789	1	0	absolute	214.2	247.6	97.0	Legion_02_1_Mon_02_Spawn
855784	8000	3	5	960	set_flag_var:4	spawn	855766	1	0	absolute	207.2	263.9	97.0	Legion_02_1_Mon_02_Spawn
855784	8000	3	6	960	set_flag_var:4	spawn	855789	1	0	absolute	248.4	281.9	97.0	Legion_02_1_Mon_02_Spawn
855784	8000	3	7	960	set_flag_var:4	spawn	855789	1	0	absolute	214.3	281.4	97.0	Legion_02_1_Mon_02_Spawn
855784	8000	3	8	960	set_flag_var:4	spawn	855766	1	0	absolute	231.0	288.8	97.0	Legion_02_1_Mon_02_Spawn
855784	8000	4	0	950	set_flag_var:5	timer	8000	0	0		0.0	0.0	0.0	Legion_02_1_Mon_02_Spawn
855784	8000	4	1	950	set_flag_var:5	spawn	855789	1	0	absolute	255.8	263.9	97.0	Legion_02_1_Mon_02_Spawn
855784	8000	4	2	950	set_flag_var:5	spawn	855789	1	0	absolute	247.8	247.6	97.0	Legion_02_1_Mon_02_Spawn
855784	8000	4	3	950	set_flag_var:5	spawn	855789	1	0	absolute	231.2	240.4	97.0	Legion_02_1_Mon_02_Spawn
855784	8000	4	4	950	set_flag_var:5	spawn	855789	1	0	absolute	214.2	247.6	97.0	Legion_02_1_Mon_02_Spawn
855784	8000	4	5	950	set_flag_var:5	spawn	855789	1	0	absolute	207.2	263.9	97.0	Legion_02_1_Mon_02_Spawn
855784	8000	4	6	950	set_flag_var:5	spawn	855789	1	0	absolute	248.4	281.9	97.0	Legion_02_1_Mon_02_Spawn
855784	8000	4	7	950	set_flag_var:5	spawn	855789	1	0	absolute	214.3	281.4	97.0	Legion_02_1_Mon_02_Spawn
855784	8000	4	8	950	set_flag_var:5	spawn	855789	1	0	absolute	231.0	288.8	97.0	Legion_02_1_Mon_02_Spawn
855784	8000	5	0	940	set_flag_var:25	despawn_self	0	0	0		0.0	0.0	0.0	Legion_02_1_Mon_02_Spawn
855785	8000	0	0	990	set_flag_var:1	timer	8000	0	0		0.0	0.0	0.0	Legion_02_1_Mon_03_Spawn
855785	8000	0	1	990	set_flag_var:1	spawn	855790	1	0	absolute	255.8	263.9	97.0	Legion_02_1_Mon_03_Spawn
855785	8000	0	2	990	set_flag_var:1	spawn	855767	1	0	absolute	247.8	247.6	97.0	Legion_02_1_Mon_03_Spawn
855785	8000	0	3	990	set_flag_var:1	spawn	855790	1	0	absolute	231.2	240.4	97.0	Legion_02_1_Mon_03_Spawn
855785	8000	0	4	990	set_flag_var:1	spawn	855767	1	0	absolute	214.2	247.6	97.0	Legion_02_1_Mon_03_Spawn
855785	8000	0	5	990	set_flag_var:1	spawn	855790	1	0	absolute	207.2	263.9	97.0	Legion_02_1_Mon_03_Spawn
855785	8000	0	6	990	set_flag_var:1	spawn	855767	1	0	absolute	248.4	281.9	97.0	Legion_02_1_Mon_03_Spawn
855785	8000	0	7	990	set_flag_var:1	spawn	855790	1	0	absolute	214.3	281.4	97.0	Legion_02_1_Mon_03_Spawn
855785	8000	0	8	990	set_flag_var:1	spawn	855767	1	0	absolute	231.0	288.8	97.0	Legion_02_1_Mon_03_Spawn
855785	8000	1	0	980	set_flag_var:2	timer	8000	0	0		0.0	0.0	0.0	Legion_02_1_Mon_03_Spawn
855785	8000	1	1	980	set_flag_var:2	spawn	855790	1	0	absolute	255.8	263.9	97.0	Legion_02_1_Mon_03_Spawn
855785	8000	1	2	980	set_flag_var:2	spawn	855790	1	0	absolute	247.8	247.6	97.0	Legion_02_1_Mon_03_Spawn
855785	8000	1	3	980	set_flag_var:2	spawn	855790	1	0	absolute	231.2	240.4	97.0	Legion_02_1_Mon_03_Spawn
855785	8000	1	4	980	set_flag_var:2	spawn	855790	1	0	absolute	214.2	247.6	97.0	Legion_02_1_Mon_03_Spawn
855785	8000	1	5	980	set_flag_var:2	spawn	855790	1	0	absolute	207.2	263.9	97.0	Legion_02_1_Mon_03_Spawn
855785	8000	1	6	980	set_flag_var:2	spawn	855790	1	0	absolute	248.4	281.9	97.0	Legion_02_1_Mon_03_Spawn
855785	8000	1	7	980	set_flag_var:2	spawn	855790	1	0	absolute	214.3	281.4	97.0	Legion_02_1_Mon_03_Spawn
855785	8000	1	8	980	set_flag_var:2	spawn	855790	1	0	absolute	231.0	288.8	97.0	Legion_02_1_Mon_03_Spawn
855785	8000	2	0	970	set_flag_var:3	timer	8000	0	0		0.0	0.0	0.0	Legion_02_1_Mon_03_Spawn
855785	8000	2	1	970	set_flag_var:3	spawn	855767	1	0	absolute	255.8	263.9	97.0	Legion_02_1_Mon_03_Spawn
855785	8000	2	2	970	set_flag_var:3	spawn	855790	1	0	absolute	247.8	247.6	97.0	Legion_02_1_Mon_03_Spawn
855785	8000	2	3	970	set_flag_var:3	spawn	855790	1	0	absolute	231.2	240.4	97.0	Legion_02_1_Mon_03_Spawn
855785	8000	2	4	970	set_flag_var:3	spawn	855767	1	0	absolute	214.2	247.6	97.0	Legion_02_1_Mon_03_Spawn
855785	8000	2	5	970	set_flag_var:3	spawn	855790	1	0	absolute	207.2	263.9	97.0	Legion_02_1_Mon_03_Spawn
855785	8000	2	6	970	set_flag_var:3	spawn	855790	1	0	absolute	248.4	281.9	97.0	Legion_02_1_Mon_03_Spawn
855785	8000	2	7	970	set_flag_var:3	spawn	855767	1	0	absolute	214.3	281.4	97.0	Legion_02_1_Mon_03_Spawn
855785	8000	2	8	970	set_flag_var:3	spawn	855790	1	0	absolute	231.0	288.8	97.0	Legion_02_1_Mon_03_Spawn
855785	8000	3	0	960	set_flag_var:4	timer	8000	0	0		0.0	0.0	0.0	Legion_02_1_Mon_03_Spawn
855785	8000	3	1	960	set_flag_var:4	spawn	855790	1	0	absolute	255.8	263.9	97.0	Legion_02_1_Mon_03_Spawn
855785	8000	3	2	960	set_flag_var:4	spawn	855767	1	0	absolute	247.8	247.6	97.0	Legion_02_1_Mon_03_Spawn
855785	8000	3	3	960	set_flag_var:4	spawn	855790	1	0	absolute	231.2	240.4	97.0	Legion_02_1_Mon_03_Spawn
855785	8000	3	4	960	set_flag_var:4	spawn	855790	1	0	absolute	214.2	247.6	97.0	Legion_02_1_Mon_03_Spawn
855785	8000	3	5	960	set_flag_var:4	spawn	855767	1	0	absolute	207.2	263.9	97.0	Legion_02_1_Mon_03_Spawn
855785	8000	3	6	960	set_flag_var:4	spawn	855790	1	0	absolute	248.4	281.9	97.0	Legion_02_1_Mon_03_Spawn
855785	8000	3	7	960	set_flag_var:4	spawn	855790	1	0	absolute	214.3	281.4	97.0	Legion_02_1_Mon_03_Spawn
855785	8000	3	8	960	set_flag_var:4	spawn	855767	1	0	absolute	231.0	288.8	97.0	Legion_02_1_Mon_03_Spawn
855785	8000	4	0	950	set_flag_var:5	timer	8000	0	0		0.0	0.0	0.0	Legion_02_1_Mon_03_Spawn
855785	8000	4	1	950	set_flag_var:5	spawn	855790	1	0	absolute	255.8	263.9	97.0	Legion_02_1_Mon_03_Spawn
855785	8000	4	2	950	set_flag_var:5	spawn	855790	1	0	absolute	247.8	247.6	97.0	Legion_02_1_Mon_03_Spawn
855785	8000	4	3	950	set_flag_var:5	spawn	855790	1	0	absolute	231.2	240.4	97.0	Legion_02_1_Mon_03_Spawn
855785	8000	4	4	950	set_flag_var:5	spawn	855790	1	0	absolute	214.2	247.6	97.0	Legion_02_1_Mon_03_Spawn
855785	8000	4	5	950	set_flag_var:5	spawn	855790	1	0	absolute	207.2	263.9	97.0	Legion_02_1_Mon_03_Spawn
855785	8000	4	6	950	set_flag_var:5	spawn	855790	1	0	absolute	248.4	281.9	97.0	Legion_02_1_Mon_03_Spawn
855785	8000	4	7	950	set_flag_var:5	spawn	855790	1	0	absolute	214.3	281.4	97.0	Legion_02_1_Mon_03_Spawn
855785	8000	4	8	950	set_flag_var:5	spawn	855790	1	0	absolute	231.0	288.8	97.0	Legion_02_1_Mon_03_Spawn
855785	8000	5	0	940	set_flag_var:25	despawn_self	0	0	0		0.0	0.0	0.0	Legion_02_1_Mon_03_Spawn
855806	8000	0	0	990	set_flag_var:1	timer	8000	0	0		0.0	0.0	0.0	Legion_03_1_Mon_01_Spawn
855806	8000	0	1	990	set_flag_var:1	spawn	855811	1	0	absolute	255.8	263.9	97.0	Legion_03_1_Mon_01_Spawn
855806	8000	0	2	990	set_flag_var:1	spawn	855765	1	0	absolute	247.8	247.6	97.0	Legion_03_1_Mon_01_Spawn
855806	8000	0	3	990	set_flag_var:1	spawn	855788	1	0	absolute	231.2	240.4	97.0	Legion_03_1_Mon_01_Spawn
855806	8000	0	4	990	set_flag_var:1	spawn	855765	1	0	absolute	214.2	247.6	97.0	Legion_03_1_Mon_01_Spawn
855806	8000	0	5	990	set_flag_var:1	spawn	855811	1	0	absolute	207.2	263.9	97.0	Legion_03_1_Mon_01_Spawn
855806	8000	0	6	990	set_flag_var:1	spawn	855765	1	0	absolute	248.4	281.9	97.0	Legion_03_1_Mon_01_Spawn
855806	8000	0	7	990	set_flag_var:1	spawn	855788	1	0	absolute	214.3	281.4	97.0	Legion_03_1_Mon_01_Spawn
855806	8000	0	8	990	set_flag_var:1	spawn	855811	1	0	absolute	231.0	288.8	97.0	Legion_03_1_Mon_01_Spawn
855806	8000	1	0	980	set_flag_var:2	timer	8000	0	0		0.0	0.0	0.0	Legion_03_1_Mon_01_Spawn
855806	8000	1	1	980	set_flag_var:2	spawn	855811	1	0	absolute	255.8	263.9	97.0	Legion_03_1_Mon_01_Spawn
855806	8000	1	2	980	set_flag_var:2	spawn	855811	1	0	absolute	247.8	247.6	97.0	Legion_03_1_Mon_01_Spawn
855806	8000	1	3	980	set_flag_var:2	spawn	855788	1	0	absolute	231.2	240.4	97.0	Legion_03_1_Mon_01_Spawn
855806	8000	1	4	980	set_flag_var:2	spawn	855811	1	0	absolute	214.2	247.6	97.0	Legion_03_1_Mon_01_Spawn
855806	8000	1	5	980	set_flag_var:2	spawn	855811	1	0	absolute	207.2	263.9	97.0	Legion_03_1_Mon_01_Spawn
855806	8000	1	6	980	set_flag_var:2	spawn	855811	1	0	absolute	248.4	281.9	97.0	Legion_03_1_Mon_01_Spawn
855806	8000	1	7	980	set_flag_var:2	spawn	855788	1	0	absolute	214.3	281.4	97.0	Legion_03_1_Mon_01_Spawn
855806	8000	1	8	980	set_flag_var:2	spawn	855811	1	0	absolute	231.0	288.8	97.0	Legion_03_1_Mon_01_Spawn
855806	8000	2	0	970	set_flag_var:3	timer	8000	0	0		0.0	0.0	0.0	Legion_03_1_Mon_01_Spawn
855806	8000	2	1	970	set_flag_var:3	spawn	855765	1	0	absolute	255.8	263.9	97.0	Legion_03_1_Mon_01_Spawn
855806	8000	2	2	970	set_flag_var:3	spawn	855811	1	0	absolute	247.8	247.6	97.0	Legion_03_1_Mon_01_Spawn
855806	8000	2	3	970	set_flag_var:3	spawn	855788	1	0	absolute	231.2	240.4	97.0	Legion_03_1_Mon_01_Spawn
855806	8000	2	4	970	set_flag_var:3	spawn	855765	1	0	absolute	214.2	247.6	97.0	Legion_03_1_Mon_01_Spawn
855806	8000	2	5	970	set_flag_var:3	spawn	855788	1	0	absolute	207.2	263.9	97.0	Legion_03_1_Mon_01_Spawn
855806	8000	2	6	970	set_flag_var:3	spawn	855811	1	0	absolute	248.4	281.9	97.0	Legion_03_1_Mon_01_Spawn
855806	8000	2	7	970	set_flag_var:3	spawn	855765	1	0	absolute	214.3	281.4	97.0	Legion_03_1_Mon_01_Spawn
855806	8000	2	8	970	set_flag_var:3	spawn	855788	1	0	absolute	231.0	288.8	97.0	Legion_03_1_Mon_01_Spawn
855806	8000	3	0	960	set_flag_var:4	timer	8000	0	0		0.0	0.0	0.0	Legion_03_1_Mon_01_Spawn
855806	8000	3	1	960	set_flag_var:4	spawn	855788	1	0	absolute	255.8	263.9	97.0	Legion_03_1_Mon_01_Spawn
855806	8000	3	2	960	set_flag_var:4	spawn	855811	1	0	absolute	247.8	247.6	97.0	Legion_03_1_Mon_01_Spawn
855806	8000	3	3	960	set_flag_var:4	spawn	855788	1	0	absolute	231.2	240.4	97.0	Legion_03_1_Mon_01_Spawn
855806	8000	3	4	960	set_flag_var:4	spawn	855788	1	0	absolute	214.2	247.6	97.0	Legion_03_1_Mon_01_Spawn
855806	8000	3	5	960	set_flag_var:4	spawn	855811	1	0	absolute	207.2	263.9	97.0	Legion_03_1_Mon_01_Spawn
855806	8000	3	6	960	set_flag_var:4	spawn	855788	1	0	absolute	248.4	281.9	97.0	Legion_03_1_Mon_01_Spawn
855806	8000	3	7	960	set_flag_var:4	spawn	855811	1	0	absolute	214.3	281.4	97.0	Legion_03_1_Mon_01_Spawn
855806	8000	3	8	960	set_flag_var:4	spawn	855811	1	0	absolute	231.0	288.8	97.0	Legion_03_1_Mon_01_Spawn
855806	8000	4	0	950	set_flag_var:5	timer	8000	0	0		0.0	0.0	0.0	Legion_03_1_Mon_01_Spawn
855806	8000	4	1	950	set_flag_var:5	spawn	855811	1	0	absolute	255.8	263.9	97.0	Legion_03_1_Mon_01_Spawn
855806	8000	4	2	950	set_flag_var:5	spawn	855811	1	0	absolute	247.8	247.6	97.0	Legion_03_1_Mon_01_Spawn
855806	8000	4	3	950	set_flag_var:5	spawn	855811	1	0	absolute	231.2	240.4	97.0	Legion_03_1_Mon_01_Spawn
855806	8000	4	4	950	set_flag_var:5	spawn	855811	1	0	absolute	214.2	247.6	97.0	Legion_03_1_Mon_01_Spawn
855806	8000	4	5	950	set_flag_var:5	spawn	855811	1	0	absolute	207.2	263.9	97.0	Legion_03_1_Mon_01_Spawn
855806	8000	4	6	950	set_flag_var:5	spawn	855811	1	0	absolute	248.4	281.9	97.0	Legion_03_1_Mon_01_Spawn
855806	8000	4	7	950	set_flag_var:5	spawn	855811	1	0	absolute	214.3	281.4	97.0	Legion_03_1_Mon_01_Spawn
855806	8000	4	8	950	set_flag_var:5	spawn	855811	1	0	absolute	231.0	288.8	97.0	Legion_03_1_Mon_01_Spawn
855806	8000	5	0	940	set_flag_var:25	despawn_self	0	0	0		0.0	0.0	0.0	Legion_03_1_Mon_01_Spawn
855807	8000	0	0	990	set_flag_var:1	timer	8000	0	0		0.0	0.0	0.0	Legion_03_1_Mon_02_Spawn
855807	8000	0	1	990	set_flag_var:1	spawn	855812	1	0	absolute	255.8	263.9	97.0	Legion_03_1_Mon_02_Spawn
855807	8000	0	2	990	set_flag_var:1	spawn	855766	1	0	absolute	247.8	247.6	97.0	Legion_03_1_Mon_02_Spawn
855807	8000	0	3	990	set_flag_var:1	spawn	855789	1	0	absolute	231.2	240.4	97.0	Legion_03_1_Mon_02_Spawn
855807	8000	0	4	990	set_flag_var:1	spawn	855766	1	0	absolute	214.2	247.6	97.0	Legion_03_1_Mon_02_Spawn
855807	8000	0	5	990	set_flag_var:1	spawn	855812	1	0	absolute	207.2	263.9	97.0	Legion_03_1_Mon_02_Spawn
855807	8000	0	6	990	set_flag_var:1	spawn	855766	1	0	absolute	248.4	281.9	97.0	Legion_03_1_Mon_02_Spawn
855807	8000	0	7	990	set_flag_var:1	spawn	855789	1	0	absolute	214.3	281.4	97.0	Legion_03_1_Mon_02_Spawn
855807	8000	0	8	990	set_flag_var:1	spawn	855812	1	0	absolute	231.0	288.8	97.0	Legion_03_1_Mon_02_Spawn
855807	8000	1	0	980	set_flag_var:2	timer	8000	0	0		0.0	0.0	0.0	Legion_03_1_Mon_02_Spawn
855807	8000	1	1	980	set_flag_var:2	spawn	855812	1	0	absolute	255.8	263.9	97.0	Legion_03_1_Mon_02_Spawn
855807	8000	1	2	980	set_flag_var:2	spawn	855812	1	0	absolute	247.8	247.6	97.0	Legion_03_1_Mon_02_Spawn
855807	8000	1	3	980	set_flag_var:2	spawn	855789	1	0	absolute	231.2	240.4	97.0	Legion_03_1_Mon_02_Spawn
855807	8000	1	4	980	set_flag_var:2	spawn	855812	1	0	absolute	214.2	247.6	97.0	Legion_03_1_Mon_02_Spawn
855807	8000	1	5	980	set_flag_var:2	spawn	855812	1	0	absolute	207.2	263.9	97.0	Legion_03_1_Mon_02_Spawn
855807	8000	1	6	980	set_flag_var:2	spawn	855812	1	0	absolute	248.4	281.9	97.0	Legion_03_1_Mon_02_Spawn
855807	8000	1	7	980	set_flag_var:2	spawn	855789	1	0	absolute	214.3	281.4	97.0	Legion_03_1_Mon_02_Spawn
855807	8000	1	8	980	set_flag_var:2	spawn	855812	1	0	absolute	231.0	288.8	97.0	Legion_03_1_Mon_02_Spawn
855807	8000	2	0	970	set_flag_var:3	timer	8000	0	0		0.0	0.0	0.0	Legion_03_1_Mon_02_Spawn
855807	8000	2	1	970	set_flag_var:3	spawn	855766	1	0	absolute	255.8	263.9	97.0	Legion_03_1_Mon_02_Spawn
855807	8000	2	2	970	set_flag_var:3	spawn	855812	1	0	absolute	247.8	247.6	97.0	Legion_03_1_Mon_02_Spawn
855807	8000	2	3	970	set_flag_var:3	spawn	855789	1	0	absolute	231.2	240.4	97.0	Legion_03_1_Mon_02_Spawn
855807	8000	2	4	970	set_flag_var:3	spawn	855766	1	0	absolute	214.2	247.6	97.0	Legion_03_1_Mon_02_Spawn
855807	8000	2	5	970	set_flag_var:3	spawn	855789	1	0	absolute	207.2	263.9	97.0	Legion_03_1_Mon_02_Spawn
855807	8000	2	6	970	set_flag_var:3	spawn	855812	1	0	absolute	248.4	281.9	97.0	Legion_03_1_Mon_02_Spawn
855807	8000	2	7	970	set_flag_var:3	spawn	855766	1	0	absolute	214.3	281.4	97.0	Legion_03_1_Mon_02_Spawn
855807	8000	2	8	970	set_flag_var:3	spawn	855789	1	0	absolute	231.0	288.8	97.0	Legion_03_1_Mon_02_Spawn
855807	8000	3	0	960	set_flag_var:4	timer	8000	0	0		0.0	0.0	0.0	Legion_03_1_Mon_02_Spawn
855807	8000	3	1	960	set_flag_var:4	spawn	855789	1	0	absolute	255.8	263.9	97.0	Legion_03_1_Mon_02_Spawn
855807	8000	3	2	960	set_flag_var:4	spawn	855812	1	0	absolute	247.8	247.6	97.0	Legion_03_1_Mon_02_Spawn
855807	8000	3	3	960	set_flag_var:4	spawn	855789	1	0	absolute	231.2	240.4	97.0	Legion_03_1_Mon_02_Spawn
855807	8000	3	4	960	set_flag_var:4	spawn	855789	1	0	absolute	214.2	247.6	97.0	Legion_03_1_Mon_02_Spawn
855807	8000	3	5	960	set_flag_var:4	spawn	855812	1	0	absolute	207.2	263.9	97.0	Legion_03_1_Mon_02_Spawn
855807	8000	3	6	960	set_flag_var:4	spawn	855789	1	0	absolute	248.4	281.9	97.0	Legion_03_1_Mon_02_Spawn
855807	8000	3	7	960	set_flag_var:4	spawn	855812	1	0	absolute	214.3	281.4	97.0	Legion_03_1_Mon_02_Spawn
855807	8000	3	8	960	set_flag_var:4	spawn	855812	1	0	absolute	231.0	288.8	97.0	Legion_03_1_Mon_02_Spawn
855807	8000	4	0	950	set_flag_var:5	timer	8000	0	0		0.0	0.0	0.0	Legion_03_1_Mon_02_Spawn
855807	8000	4	1	950	set_flag_var:5	spawn	855812	1	0	absolute	255.8	263.9	97.0	Legion_03_1_Mon_02_Spawn
855807	8000	4	2	950	set_flag_var:5	spawn	855812	1	0	absolute	247.8	247.6	97.0	Legion_03_1_Mon_02_Spawn
855807	8000	4	3	950	set_flag_var:5	spawn	855812	1	0	absolute	231.2	240.4	97.0	Legion_03_1_Mon_02_Spawn
855807	8000	4	4	950	set_flag_var:5	spawn	855812	1	0	absolute	214.2	247.6	97.0	Legion_03_1_Mon_02_Spawn
855807	8000	4	5	950	set_flag_var:5	spawn	855812	1	0	absolute	207.2	263.9	97.0	Legion_03_1_Mon_02_Spawn
855807	8000	4	6	950	set_flag_var:5	spawn	855812	1	0	absolute	248.4	281.9	97.0	Legion_03_1_Mon_02_Spawn
855807	8000	4	7	950	set_flag_var:5	spawn	855812	1	0	absolute	214.3	281.4	97.0	Legion_03_1_Mon_02_Spawn
855807	8000	4	8	950	set_flag_var:5	spawn	855812	1	0	absolute	231.0	288.8	97.0	Legion_03_1_Mon_02_Spawn
855807	8000	5	0	940	set_flag_var:25	despawn_self	0	0	0		0.0	0.0	0.0	Legion_03_1_Mon_02_Spawn
855808	8000	0	0	990	set_flag_var:1	timer	8000	0	0		0.0	0.0	0.0	Legion_03_1_Mon_03_Spawn
855808	8000	0	1	990	set_flag_var:1	spawn	855813	1	0	absolute	255.8	263.9	97.0	Legion_03_1_Mon_03_Spawn
855808	8000	0	2	990	set_flag_var:1	spawn	855767	1	0	absolute	247.8	247.6	97.0	Legion_03_1_Mon_03_Spawn
855808	8000	0	3	990	set_flag_var:1	spawn	855790	1	0	absolute	231.2	240.4	97.0	Legion_03_1_Mon_03_Spawn
855808	8000	0	4	990	set_flag_var:1	spawn	855767	1	0	absolute	214.2	247.6	97.0	Legion_03_1_Mon_03_Spawn
855808	8000	0	5	990	set_flag_var:1	spawn	855813	1	0	absolute	207.2	263.9	97.0	Legion_03_1_Mon_03_Spawn
855808	8000	0	6	990	set_flag_var:1	spawn	855767	1	0	absolute	248.4	281.9	97.0	Legion_03_1_Mon_03_Spawn
855808	8000	0	7	990	set_flag_var:1	spawn	855790	1	0	absolute	214.3	281.4	97.0	Legion_03_1_Mon_03_Spawn
855808	8000	0	8	990	set_flag_var:1	spawn	855813	1	0	absolute	231.0	288.8	97.0	Legion_03_1_Mon_03_Spawn
855808	8000	1	0	980	set_flag_var:2	timer	8000	0	0		0.0	0.0	0.0	Legion_03_1_Mon_03_Spawn
855808	8000	1	1	980	set_flag_var:2	spawn	855813	1	0	absolute	255.8	263.9	97.0	Legion_03_1_Mon_03_Spawn
855808	8000	1	2	980	set_flag_var:2	spawn	855813	1	0	absolute	247.8	247.6	97.0	Legion_03_1_Mon_03_Spawn
855808	8000	1	3	980	set_flag_var:2	spawn	855790	1	0	absolute	231.2	240.4	97.0	Legion_03_1_Mon_03_Spawn
855808	8000	1	4	980	set_flag_var:2	spawn	855813	1	0	absolute	214.2	247.6	97.0	Legion_03_1_Mon_03_Spawn
855808	8000	1	5	980	set_flag_var:2	spawn	855813	1	0	absolute	207.2	263.9	97.0	Legion_03_1_Mon_03_Spawn
855808	8000	1	6	980	set_flag_var:2	spawn	855813	1	0	absolute	248.4	281.9	97.0	Legion_03_1_Mon_03_Spawn
855808	8000	1	7	980	set_flag_var:2	spawn	855790	1	0	absolute	214.3	281.4	97.0	Legion_03_1_Mon_03_Spawn
855808	8000	1	8	980	set_flag_var:2	spawn	855813	1	0	absolute	231.0	288.8	97.0	Legion_03_1_Mon_03_Spawn
855808	8000	2	0	970	set_flag_var:3	timer	8000	0	0		0.0	0.0	0.0	Legion_03_1_Mon_03_Spawn
855808	8000	2	1	970	set_flag_var:3	spawn	855767	1	0	absolute	255.8	263.9	97.0	Legion_03_1_Mon_03_Spawn
855808	8000	2	2	970	set_flag_var:3	spawn	855813	1	0	absolute	247.8	247.6	97.0	Legion_03_1_Mon_03_Spawn
855808	8000	2	3	970	set_flag_var:3	spawn	855790	1	0	absolute	231.2	240.4	97.0	Legion_03_1_Mon_03_Spawn
855808	8000	2	4	970	set_flag_var:3	spawn	855767	1	0	absolute	214.2	247.6	97.0	Legion_03_1_Mon_03_Spawn
855808	8000	2	5	970	set_flag_var:3	spawn	855790	1	0	absolute	207.2	263.9	97.0	Legion_03_1_Mon_03_Spawn
855808	8000	2	6	970	set_flag_var:3	spawn	855813	1	0	absolute	248.4	281.9	97.0	Legion_03_1_Mon_03_Spawn
855808	8000	2	7	970	set_flag_var:3	spawn	855767	1	0	absolute	214.3	281.4	97.0	Legion_03_1_Mon_03_Spawn
855808	8000	2	8	970	set_flag_var:3	spawn	855790	1	0	absolute	231.0	288.8	97.0	Legion_03_1_Mon_03_Spawn
855808	8000	3	0	960	set_flag_var:4	timer	8000	0	0		0.0	0.0	0.0	Legion_03_1_Mon_03_Spawn
855808	8000	3	1	960	set_flag_var:4	spawn	855790	1	0	absolute	255.8	263.9	97.0	Legion_03_1_Mon_03_Spawn
855808	8000	3	2	960	set_flag_var:4	spawn	855813	1	0	absolute	247.8	247.6	97.0	Legion_03_1_Mon_03_Spawn
855808	8000	3	3	960	set_flag_var:4	spawn	855790	1	0	absolute	231.2	240.4	97.0	Legion_03_1_Mon_03_Spawn
855808	8000	3	4	960	set_flag_var:4	spawn	855790	1	0	absolute	214.2	247.6	97.0	Legion_03_1_Mon_03_Spawn
855808	8000	3	5	960	set_flag_var:4	spawn	855813	1	0	absolute	207.2	263.9	97.0	Legion_03_1_Mon_03_Spawn
855808	8000	3	6	960	set_flag_var:4	spawn	855790	1	0	absolute	248.4	281.9	97.0	Legion_03_1_Mon_03_Spawn
855808	8000	3	7	960	set_flag_var:4	spawn	855813	1	0	absolute	214.3	281.4	97.0	Legion_03_1_Mon_03_Spawn
855808	8000	3	8	960	set_flag_var:4	spawn	855813	1	0	absolute	231.0	288.8	97.0	Legion_03_1_Mon_03_Spawn
855808	8000	4	0	950	set_flag_var:5	timer	8000	0	0		0.0	0.0	0.0	Legion_03_1_Mon_03_Spawn
855808	8000	4	1	950	set_flag_var:5	spawn	855813	1	0	absolute	255.8	263.9	97.0	Legion_03_1_Mon_03_Spawn
855808	8000	4	2	950	set_flag_var:5	spawn	855813	1	0	absolute	247.8	247.6	97.0	Legion_03_1_Mon_03_Spawn
855808	8000	4	3	950	set_flag_var:5	spawn	855813	1	0	absolute	231.2	240.4	97.0	Legion_03_1_Mon_03_Spawn
855808	8000	4	4	950	set_flag_var:5	spawn	855813	1	0	absolute	214.2	247.6	97.0	Legion_03_1_Mon_03_Spawn
855808	8000	4	5	950	set_flag_var:5	spawn	855813	1	0	absolute	207.2	263.9	97.0	Legion_03_1_Mon_03_Spawn
855808	8000	4	6	950	set_flag_var:5	spawn	855813	1	0	absolute	248.4	281.9	97.0	Legion_03_1_Mon_03_Spawn
855808	8000	4	7	950	set_flag_var:5	spawn	855813	1	0	absolute	214.3	281.4	97.0	Legion_03_1_Mon_03_Spawn
855808	8000	4	8	950	set_flag_var:5	spawn	855813	1	0	absolute	231.0	288.8	97.0	Legion_03_1_Mon_03_Spawn
855808	8000	5	0	940	set_flag_var:25	despawn_self	0	0	0		0.0	0.0	0.0	Legion_03_1_Mon_03_Spawn
855829	8000	0	0	990	set_flag_var:1	timer	8000	0	0		0.0	0.0	0.0	Legion_04_1_Mon_01_Spawn
855829	8000	0	1	990	set_flag_var:1	spawn	855788	1	0	absolute	255.8	263.9	97.0	Legion_04_1_Mon_01_Spawn
855829	8000	0	2	990	set_flag_var:1	spawn	855811	1	0	absolute	247.8	247.6	97.0	Legion_04_1_Mon_01_Spawn
855829	8000	0	3	990	set_flag_var:1	spawn	855834	1	0	absolute	231.2	240.4	97.0	Legion_04_1_Mon_01_Spawn
855829	8000	0	4	990	set_flag_var:1	spawn	855765	1	0	absolute	214.2	247.6	97.0	Legion_04_1_Mon_01_Spawn
855829	8000	0	5	990	set_flag_var:1	spawn	855788	1	0	absolute	207.2	263.9	97.0	Legion_04_1_Mon_01_Spawn
855829	8000	0	6	990	set_flag_var:1	spawn	855811	1	0	absolute	248.4	281.9	97.0	Legion_04_1_Mon_01_Spawn
855829	8000	0	7	990	set_flag_var:1	spawn	855834	1	0	absolute	214.3	281.4	97.0	Legion_04_1_Mon_01_Spawn
855829	8000	0	8	990	set_flag_var:1	spawn	855765	1	0	absolute	231.0	288.8	97.0	Legion_04_1_Mon_01_Spawn
855829	8000	1	0	980	set_flag_var:2	timer	8000	0	0		0.0	0.0	0.0	Legion_04_1_Mon_01_Spawn
855829	8000	1	1	980	set_flag_var:2	spawn	855834	1	0	absolute	255.8	263.9	97.0	Legion_04_1_Mon_01_Spawn
855829	8000	1	2	980	set_flag_var:2	spawn	855834	1	0	absolute	247.8	247.6	97.0	Legion_04_1_Mon_01_Spawn
855829	8000	1	3	980	set_flag_var:2	spawn	855811	1	0	absolute	231.2	240.4	97.0	Legion_04_1_Mon_01_Spawn
855829	8000	1	4	980	set_flag_var:2	spawn	855811	1	0	absolute	214.2	247.6	97.0	Legion_04_1_Mon_01_Spawn
855829	8000	1	5	980	set_flag_var:2	spawn	855834	1	0	absolute	207.2	263.9	97.0	Legion_04_1_Mon_01_Spawn
855829	8000	1	6	980	set_flag_var:2	spawn	855834	1	0	absolute	248.4	281.9	97.0	Legion_04_1_Mon_01_Spawn
855829	8000	1	7	980	set_flag_var:2	spawn	855811	1	0	absolute	214.3	281.4	97.0	Legion_04_1_Mon_01_Spawn
855829	8000	1	8	980	set_flag_var:2	spawn	855811	1	0	absolute	231.0	288.8	97.0	Legion_04_1_Mon_01_Spawn
855829	8000	2	0	970	set_flag_var:3	timer	8000	0	0		0.0	0.0	0.0	Legion_04_1_Mon_01_Spawn
855829	8000	2	1	970	set_flag_var:3	spawn	855788	1	0	absolute	255.8	263.9	97.0	Legion_04_1_Mon_01_Spawn
855829	8000	2	2	970	set_flag_var:3	spawn	855811	1	0	absolute	247.8	247.6	97.0	Legion_04_1_Mon_01_Spawn
855829	8000	2	3	970	set_flag_var:3	spawn	855834	1	0	absolute	231.2	240.4	97.0	Legion_04_1_Mon_01_Spawn
855829	8000	2	4	970	set_flag_var:3	spawn	855788	1	0	absolute	214.2	247.6	97.0	Legion_04_1_Mon_01_Spawn
855829	8000	2	5	970	set_flag_var:3	spawn	855834	1	0	absolute	207.2	263.9	97.0	Legion_04_1_Mon_01_Spawn
855829	8000	2	6	970	set_flag_var:3	spawn	855811	1	0	absolute	248.4	281.9	97.0	Legion_04_1_Mon_01_Spawn
855829	8000	2	7	970	set_flag_var:3	spawn	855788	1	0	absolute	214.3	281.4	97.0	Legion_04_1_Mon_01_Spawn
855829	8000	2	8	970	set_flag_var:3	spawn	855811	1	0	absolute	231.0	288.8	97.0	Legion_04_1_Mon_01_Spawn
855829	8000	3	0	960	set_flag_var:4	timer	8000	0	0		0.0	0.0	0.0	Legion_04_1_Mon_01_Spawn
855829	8000	3	1	960	set_flag_var:4	spawn	855788	1	0	absolute	255.8	263.9	97.0	Legion_04_1_Mon_01_Spawn
855829	8000	3	2	960	set_flag_var:4	spawn	855811	1	0	absolute	247.8	247.6	97.0	Legion_04_1_Mon_01_Spawn
855829	8000	3	3	960	set_flag_var:4	spawn	855834	1	0	absolute	231.2	240.4	97.0	Legion_04_1_Mon_01_Spawn
855829	8000	3	4	960	set_flag_var:4	spawn	855834	1	0	absolute	214.2	247.6	97.0	Legion_04_1_Mon_01_Spawn
855829	8000	3	5	960	set_flag_var:4	spawn	855811	1	0	absolute	207.2	263.9	97.0	Legion_04_1_Mon_01_Spawn
855829	8000	3	6	960	set_flag_var:4	spawn	855788	1	0	absolute	248.4	281.9	97.0	Legion_04_1_Mon_01_Spawn
855829	8000	3	7	960	set_flag_var:4	spawn	855811	1	0	absolute	214.3	281.4	97.0	Legion_04_1_Mon_01_Spawn
855829	8000	3	8	960	set_flag_var:4	spawn	855834	1	0	absolute	231.0	288.8	97.0	Legion_04_1_Mon_01_Spawn
855829	8000	4	0	950	set_flag_var:5	timer	8000	0	0		0.0	0.0	0.0	Legion_04_1_Mon_01_Spawn
855829	8000	4	1	950	set_flag_var:5	spawn	855834	1	0	absolute	255.8	263.9	97.0	Legion_04_1_Mon_01_Spawn
855829	8000	4	2	950	set_flag_var:5	spawn	855834	1	0	absolute	247.8	247.6	97.0	Legion_04_1_Mon_01_Spawn
855829	8000	4	3	950	set_flag_var:5	spawn	855834	1	0	absolute	231.2	240.4	97.0	Legion_04_1_Mon_01_Spawn
855829	8000	4	4	950	set_flag_var:5	spawn	855834	1	0	absolute	214.2	247.6	97.0	Legion_04_1_Mon_01_Spawn
855829	8000	4	5	950	set_flag_var:5	spawn	855834	1	0	absolute	207.2	263.9	97.0	Legion_04_1_Mon_01_Spawn
855829	8000	4	6	950	set_flag_var:5	spawn	855834	1	0	absolute	248.4	281.9	97.0	Legion_04_1_Mon_01_Spawn
855829	8000	4	7	950	set_flag_var:5	spawn	855834	1	0	absolute	214.3	281.4	97.0	Legion_04_1_Mon_01_Spawn
855829	8000	4	8	950	set_flag_var:5	spawn	855834	1	0	absolute	231.0	288.8	97.0	Legion_04_1_Mon_01_Spawn
855829	8000	5	0	940	set_flag_var:25	despawn_self	0	0	0		0.0	0.0	0.0	Legion_04_1_Mon_01_Spawn
855830	8000	0	0	990	set_flag_var:1	timer	8000	0	0		0.0	0.0	0.0	Legion_04_1_Mon_02_Spawn
855830	8000	0	1	990	set_flag_var:1	spawn	855789	1	0	absolute	255.8	263.9	97.0	Legion_04_1_Mon_02_Spawn
855830	8000	0	2	990	set_flag_var:1	spawn	855812	1	0	absolute	247.8	247.6	97.0	Legion_04_1_Mon_02_Spawn
855830	8000	0	3	990	set_flag_var:1	spawn	855835	1	0	absolute	231.2	240.4	97.0	Legion_04_1_Mon_02_Spawn
855830	8000	0	4	990	set_flag_var:1	spawn	855766	1	0	absolute	214.2	247.6	97.0	Legion_04_1_Mon_02_Spawn
855830	8000	0	5	990	set_flag_var:1	spawn	855789	1	0	absolute	207.2	263.9	97.0	Legion_04_1_Mon_02_Spawn
855830	8000	0	6	990	set_flag_var:1	spawn	855812	1	0	absolute	248.4	281.9	97.0	Legion_04_1_Mon_02_Spawn
855830	8000	0	7	990	set_flag_var:1	spawn	855835	1	0	absolute	214.3	281.4	97.0	Legion_04_1_Mon_02_Spawn
855830	8000	0	8	990	set_flag_var:1	spawn	855766	1	0	absolute	231.0	288.8	97.0	Legion_04_1_Mon_02_Spawn
855830	8000	1	0	980	set_flag_var:2	timer	8000	0	0		0.0	0.0	0.0	Legion_04_1_Mon_02_Spawn
855830	8000	1	1	980	set_flag_var:2	spawn	855835	1	0	absolute	255.8	263.9	97.0	Legion_04_1_Mon_02_Spawn
855830	8000	1	2	980	set_flag_var:2	spawn	855835	1	0	absolute	247.8	247.6	97.0	Legion_04_1_Mon_02_Spawn
855830	8000	1	3	980	set_flag_var:2	spawn	855812	1	0	absolute	231.2	240.4	97.0	Legion_04_1_Mon_02_Spawn
855830	8000	1	4	980	set_flag_var:2	spawn	855812	1	0	absolute	214.2	247.6	97.0	Legion_04_1_Mon_02_Spawn
855830	8000	1	5	980	set_flag_var:2	spawn	855835	1	0	absolute	207.2	263.9	97.0	Legion_04_1_Mon_02_Spawn
855830	8000	1	6	980	set_flag_var:2	spawn	855835	1	0	absolute	248.4	281.9	97.0	Legion_04_1_Mon_02_Spawn
855830	8000	1	7	980	set_flag_var:2	spawn	855812	1	0	absolute	214.3	281.4	97.0	Legion_04_1_Mon_02_Spawn
855830	8000	1	8	980	set_flag_var:2	spawn	855812	1	0	absolute	231.0	288.8	97.0	Legion_04_1_Mon_02_Spawn
855830	8000	2	0	970	set_flag_var:3	timer	8000	0	0		0.0	0.0	0.0	Legion_04_1_Mon_02_Spawn
855830	8000	2	1	970	set_flag_var:3	spawn	855789	1	0	absolute	255.8	263.9	97.0	Legion_04_1_Mon_02_Spawn
855830	8000	2	2	970	set_flag_var:3	spawn	855812	1	0	absolute	247.8	247.6	97.0	Legion_04_1_Mon_02_Spawn
855830	8000	2	3	970	set_flag_var:3	spawn	855835	1	0	absolute	231.2	240.4	97.0	Legion_04_1_Mon_02_Spawn
855830	8000	2	4	970	set_flag_var:3	spawn	855789	1	0	absolute	214.2	247.6	97.0	Legion_04_1_Mon_02_Spawn
855830	8000	2	5	970	set_flag_var:3	spawn	855835	1	0	absolute	207.2	263.9	97.0	Legion_04_1_Mon_02_Spawn
855830	8000	2	6	970	set_flag_var:3	spawn	855812	1	0	absolute	248.4	281.9	97.0	Legion_04_1_Mon_02_Spawn
855830	8000	2	7	970	set_flag_var:3	spawn	855789	1	0	absolute	214.3	281.4	97.0	Legion_04_1_Mon_02_Spawn
855830	8000	2	8	970	set_flag_var:3	spawn	855812	1	0	absolute	231.0	288.8	97.0	Legion_04_1_Mon_02_Spawn
855830	8000	3	0	960	set_flag_var:4	timer	8000	0	0		0.0	0.0	0.0	Legion_04_1_Mon_02_Spawn
855830	8000	3	1	960	set_flag_var:4	spawn	855789	1	0	absolute	255.8	263.9	97.0	Legion_04_1_Mon_02_Spawn
855830	8000	3	2	960	set_flag_var:4	spawn	855812	1	0	absolute	247.8	247.6	97.0	Legion_04_1_Mon_02_Spawn
855830	8000	3	3	960	set_flag_var:4	spawn	855835	1	0	absolute	231.2	240.4	97.0	Legion_04_1_Mon_02_Spawn
855830	8000	3	4	960	set_flag_var:4	spawn	855835	1	0	absolute	214.2	247.6	97.0	Legion_04_1_Mon_02_Spawn
855830	8000	3	5	960	set_flag_var:4	spawn	855812	1	0	absolute	207.2	263.9	97.0	Legion_04_1_Mon_02_Spawn
855830	8000	3	6	960	set_flag_var:4	spawn	855789	1	0	absolute	248.4	281.9	97.0	Legion_04_1_Mon_02_Spawn
855830	8000	3	7	960	set_flag_var:4	spawn	855812	1	0	absolute	214.3	281.4	97.0	Legion_04_1_Mon_02_Spawn
855830	8000	3	8	960	set_flag_var:4	spawn	855835	1	0	absolute	231.0	288.8	97.0	Legion_04_1_Mon_02_Spawn
855830	8000	4	0	950	set_flag_var:5	timer	8000	0	0		0.0	0.0	0.0	Legion_04_1_Mon_02_Spawn
855830	8000	4	1	950	set_flag_var:5	spawn	855835	1	0	absolute	255.8	263.9	97.0	Legion_04_1_Mon_02_Spawn
855830	8000	4	2	950	set_flag_var:5	spawn	855835	1	0	absolute	247.8	247.6	97.0	Legion_04_1_Mon_02_Spawn
855830	8000	4	3	950	set_flag_var:5	spawn	855835	1	0	absolute	231.2	240.4	97.0	Legion_04_1_Mon_02_Spawn
855830	8000	4	4	950	set_flag_var:5	spawn	855835	1	0	absolute	214.2	247.6	97.0	Legion_04_1_Mon_02_Spawn
855830	8000	4	5	950	set_flag_var:5	spawn	855835	1	0	absolute	207.2	263.9	97.0	Legion_04_1_Mon_02_Spawn
855830	8000	4	6	950	set_flag_var:5	spawn	855835	1	0	absolute	248.4	281.9	97.0	Legion_04_1_Mon_02_Spawn
855830	8000	4	7	950	set_flag_var:5	spawn	855835	1	0	absolute	214.3	281.4	97.0	Legion_04_1_Mon_02_Spawn
855830	8000	4	8	950	set_flag_var:5	spawn	855835	1	0	absolute	231.0	288.8	97.0	Legion_04_1_Mon_02_Spawn
855830	8000	5	0	940	set_flag_var:25	despawn_self	0	0	0		0.0	0.0	0.0	Legion_04_1_Mon_02_Spawn
855831	8000	0	0	990	set_flag_var:1	timer	8000	0	0		0.0	0.0	0.0	Legion_04_1_Mon_03_Spawn
855831	8000	0	1	990	set_flag_var:1	spawn	855790	1	0	absolute	255.8	263.9	97.0	Legion_04_1_Mon_03_Spawn
855831	8000	0	2	990	set_flag_var:1	spawn	855813	1	0	absolute	247.8	247.6	97.0	Legion_04_1_Mon_03_Spawn
855831	8000	0	3	990	set_flag_var:1	spawn	855836	1	0	absolute	231.2	240.4	97.0	Legion_04_1_Mon_03_Spawn
855831	8000	0	4	990	set_flag_var:1	spawn	855767	1	0	absolute	214.2	247.6	97.0	Legion_04_1_Mon_03_Spawn
855831	8000	0	5	990	set_flag_var:1	spawn	855790	1	0	absolute	207.2	263.9	97.0	Legion_04_1_Mon_03_Spawn
855831	8000	0	6	990	set_flag_var:1	spawn	855813	1	0	absolute	248.4	281.9	97.0	Legion_04_1_Mon_03_Spawn
855831	8000	0	7	990	set_flag_var:1	spawn	855836	1	0	absolute	214.3	281.4	97.0	Legion_04_1_Mon_03_Spawn
855831	8000	0	8	990	set_flag_var:1	spawn	855767	1	0	absolute	231.0	288.8	97.0	Legion_04_1_Mon_03_Spawn
855831	8000	1	0	980	set_flag_var:2	timer	8000	0	0		0.0	0.0	0.0	Legion_04_1_Mon_03_Spawn
855831	8000	1	1	980	set_flag_var:2	spawn	855836	1	0	absolute	255.8	263.9	97.0	Legion_04_1_Mon_03_Spawn
855831	8000	1	2	980	set_flag_var:2	spawn	855836	1	0	absolute	247.8	247.6	97.0	Legion_04_1_Mon_03_Spawn
855831	8000	1	3	980	set_flag_var:2	spawn	855813	1	0	absolute	231.2	240.4	97.0	Legion_04_1_Mon_03_Spawn
855831	8000	1	4	980	set_flag_var:2	spawn	855813	1	0	absolute	214.2	247.6	97.0	Legion_04_1_Mon_03_Spawn
855831	8000	1	5	980	set_flag_var:2	spawn	855836	1	0	absolute	207.2	263.9	97.0	Legion_04_1_Mon_03_Spawn
855831	8000	1	6	980	set_flag_var:2	spawn	855836	1	0	absolute	248.4	281.9	97.0	Legion_04_1_Mon_03_Spawn
855831	8000	1	7	980	set_flag_var:2	spawn	855813	1	0	absolute	214.3	281.4	97.0	Legion_04_1_Mon_03_Spawn
855831	8000	1	8	980	set_flag_var:2	spawn	855813	1	0	absolute	231.0	288.8	97.0	Legion_04_1_Mon_03_Spawn
855831	8000	2	0	970	set_flag_var:3	timer	8000	0	0		0.0	0.0	0.0	Legion_04_1_Mon_03_Spawn
855831	8000	2	1	970	set_flag_var:3	spawn	855790	1	0	absolute	255.8	263.9	97.0	Legion_04_1_Mon_03_Spawn
855831	8000	2	2	970	set_flag_var:3	spawn	855813	1	0	absolute	247.8	247.6	97.0	Legion_04_1_Mon_03_Spawn
855831	8000	2	3	970	set_flag_var:3	spawn	855836	1	0	absolute	231.2	240.4	97.0	Legion_04_1_Mon_03_Spawn
855831	8000	2	4	970	set_flag_var:3	spawn	855790	1	0	absolute	214.2	247.6	97.0	Legion_04_1_Mon_03_Spawn
855831	8000	2	5	970	set_flag_var:3	spawn	855836	1	0	absolute	207.2	263.9	97.0	Legion_04_1_Mon_03_Spawn
855831	8000	2	6	970	set_flag_var:3	spawn	855813	1	0	absolute	248.4	281.9	97.0	Legion_04_1_Mon_03_Spawn
855831	8000	2	7	970	set_flag_var:3	spawn	855790	1	0	absolute	214.3	281.4	97.0	Legion_04_1_Mon_03_Spawn
855831	8000	2	8	970	set_flag_var:3	spawn	855813	1	0	absolute	231.0	288.8	97.0	Legion_04_1_Mon_03_Spawn
855831	8000	3	0	960	set_flag_var:4	timer	8000	0	0		0.0	0.0	0.0	Legion_04_1_Mon_03_Spawn
855831	8000	3	1	960	set_flag_var:4	spawn	855790	1	0	absolute	255.8	263.9	97.0	Legion_04_1_Mon_03_Spawn
855831	8000	3	2	960	set_flag_var:4	spawn	855813	1	0	absolute	247.8	247.6	97.0	Legion_04_1_Mon_03_Spawn
855831	8000	3	3	960	set_flag_var:4	spawn	855836	1	0	absolute	231.2	240.4	97.0	Legion_04_1_Mon_03_Spawn
855831	8000	3	4	960	set_flag_var:4	spawn	855836	1	0	absolute	214.2	247.6	97.0	Legion_04_1_Mon_03_Spawn
855831	8000	3	5	960	set_flag_var:4	spawn	855813	1	0	absolute	207.2	263.9	97.0	Legion_04_1_Mon_03_Spawn
855831	8000	3	6	960	set_flag_var:4	spawn	855790	1	0	absolute	248.4	281.9	97.0	Legion_04_1_Mon_03_Spawn
855831	8000	3	7	960	set_flag_var:4	spawn	855813	1	0	absolute	214.3	281.4	97.0	Legion_04_1_Mon_03_Spawn
855831	8000	3	8	960	set_flag_var:4	spawn	855836	1	0	absolute	231.0	288.8	97.0	Legion_04_1_Mon_03_Spawn
855831	8000	4	0	950	set_flag_var:5	timer	8000	0	0		0.0	0.0	0.0	Legion_04_1_Mon_03_Spawn
855831	8000	4	1	950	set_flag_var:5	spawn	855836	1	0	absolute	255.8	263.9	97.0	Legion_04_1_Mon_03_Spawn
855831	8000	4	2	950	set_flag_var:5	spawn	855836	1	0	absolute	247.8	247.6	97.0	Legion_04_1_Mon_03_Spawn
855831	8000	4	3	950	set_flag_var:5	spawn	855836	1	0	absolute	231.2	240.4	97.0	Legion_04_1_Mon_03_Spawn
855831	8000	4	4	950	set_flag_var:5	spawn	855836	1	0	absolute	214.2	247.6	97.0	Legion_04_1_Mon_03_Spawn
855831	8000	4	5	950	set_flag_var:5	spawn	855836	1	0	absolute	207.2	263.9	97.0	Legion_04_1_Mon_03_Spawn
855831	8000	4	6	950	set_flag_var:5	spawn	855836	1	0	absolute	248.4	281.9	97.0	Legion_04_1_Mon_03_Spawn
855831	8000	4	7	950	set_flag_var:5	spawn	855836	1	0	absolute	214.3	281.4	97.0	Legion_04_1_Mon_03_Spawn
855831	8000	4	8	950	set_flag_var:5	spawn	855836	1	0	absolute	231.0	288.8	97.0	Legion_04_1_Mon_03_Spawn
855831	8000	5	0	940	set_flag_var:25	despawn_self	0	0	0		0.0	0.0	0.0	Legion_04_1_Mon_03_Spawn
855955	300000	0	0	600	set_flag_var:5	timer	360000	0	0		0.0	0.0	0.0	Legion_Start_Check
855955	300000	0	1	600	set_flag_var:5	spawn	855778	1	0	self	0.0	0.0	0.0	Legion_Start_Check
855955	300000	1	0	500	set_flag_var:6	timer	420000	0	0		0.0	0.0	0.0	Legion_Start_Check
855955	300000	1	1	500	set_flag_var:6	spawn	855801	1	0	self	0.0	0.0	0.0	Legion_Start_Check
855955	300000	2	0	400	set_flag_var:7	spawn	855824	1	0	self	0.0	0.0	0.0	Legion_Start_Check
856340	5400000	0	0	60	chance:50|unset_flag_var:0	spawn	236424	1	1800	absolute	2529.0	1869.0	234.0	F4_Rotation_Treasure_Ctrl_01
856340	5400000	0	1	60	chance:50|unset_flag_var:0	timer	5400000	0	0		0.0	0.0	0.0	F4_Rotation_Treasure_Ctrl_01
856340	5400000	1	0	59	unset_flag_var:0	spawn	856341	1	20	self	0.0	0.0	0.0	F4_Rotation_Treasure_Ctrl_01
856340	5400000	1	1	59	unset_flag_var:0	timer	5400000	0	0		0.0	0.0	0.0	F4_Rotation_Treasure_Ctrl_01
856340	5400000	2	0	50	chance:50|set_flag_var:0	timer	1800000	0	0		0.0	0.0	0.0	F4_Rotation_Treasure_Ctrl_01
856340	5400000	3	0	49	chance:50|set_flag_var:0	timer	3600000	0	0		0.0	0.0	0.0	F4_Rotation_Treasure_Ctrl_01
856340	5400000	4	0	48	set_flag_var:0	timer	2700000	0	0		0.0	0.0	0.0	F4_Rotation_Treasure_Ctrl_01
856407	3600000	0	0	1000	chance:40|set_flag_var:5|unset_flag_var:6	spawn	856408	1	10	absolute	1008.8	720.0	622.0	LF4_Rotation_Dportal_Time_Check
856407	3600000	0	1	1000	chance:40|set_flag_var:5|unset_flag_var:6	spawn	856409	1	10	absolute	853.2	1732.4	325.0	LF4_Rotation_Dportal_Time_Check
856407	3600000	0	2	1000	chance:40|set_flag_var:5|unset_flag_var:6	spawn	856410	1	10	absolute	2203.2	699.2	497.0	LF4_Rotation_Dportal_Time_Check
856407	3600000	0	3	1000	chance:40|set_flag_var:5|unset_flag_var:6	spawn	856411	1	10	absolute	1999.5	1927.9	302.0	LF4_Rotation_Dportal_Time_Check
856407	3600000	0	4	1000	chance:40|set_flag_var:5|unset_flag_var:6	timer	3600000	0	0		0.0	0.0	0.0	LF4_Rotation_Dportal_Time_Check
856407	3600000	1	0	990	chance:20|set_flag_var:5|unset_flag_var:6	spawn	856408	1	10	absolute	1008.8	720.0	622.0	LF4_Rotation_Dportal_Time_Check
856407	3600000	1	1	990	chance:20|set_flag_var:5|unset_flag_var:6	spawn	856409	1	10	absolute	853.2	1732.4	325.0	LF4_Rotation_Dportal_Time_Check
856407	3600000	1	2	990	chance:20|set_flag_var:5|unset_flag_var:6	spawn	856410	1	10	absolute	2203.2	699.2	497.0	LF4_Rotation_Dportal_Time_Check
856407	3600000	1	3	990	chance:20|set_flag_var:5|unset_flag_var:6	spawn	856411	1	10	absolute	1999.5	1927.9	302.0	LF4_Rotation_Dportal_Time_Check
856407	3600000	1	4	990	chance:20|set_flag_var:5|unset_flag_var:6	timer	2700000	0	0		0.0	0.0	0.0	LF4_Rotation_Dportal_Time_Check
856407	3600000	2	0	980	chance:20|set_flag_var:5|unset_flag_var:6	spawn	856408	1	10	absolute	1008.8	720.0	622.0	LF4_Rotation_Dportal_Time_Check
856407	3600000	2	1	980	chance:20|set_flag_var:5|unset_flag_var:6	spawn	856409	1	10	absolute	853.2	1732.4	325.0	LF4_Rotation_Dportal_Time_Check
856407	3600000	2	2	980	chance:20|set_flag_var:5|unset_flag_var:6	spawn	856410	1	10	absolute	2203.2	699.2	497.0	LF4_Rotation_Dportal_Time_Check
856407	3600000	2	3	980	chance:20|set_flag_var:5|unset_flag_var:6	spawn	856411	1	10	absolute	1999.5	1927.9	302.0	LF4_Rotation_Dportal_Time_Check
856407	3600000	2	4	980	chance:20|set_flag_var:5|unset_flag_var:6	timer	4500000	0	0		0.0	0.0	0.0	LF4_Rotation_Dportal_Time_Check
856407	3600000	3	0	970	chance:20|set_flag_var:5|unset_flag_var:6	spawn	856408	1	10	absolute	1008.8	720.0	622.0	LF4_Rotation_Dportal_Time_Check
856407	3600000	3	1	970	chance:20|set_flag_var:5|unset_flag_var:6	spawn	856409	1	10	absolute	853.2	1732.4	325.0	LF4_Rotation_Dportal_Time_Check
856407	3600000	3	2	970	chance:20|set_flag_var:5|unset_flag_var:6	spawn	856410	1	10	absolute	2203.2	699.2	497.0	LF4_Rotation_Dportal_Time_Check
856407	3600000	3	3	970	chance:20|set_flag_var:5|unset_flag_var:6	spawn	856411	1	10	absolute	1999.5	1927.9	302.0	LF4_Rotation_Dportal_Time_Check
856407	3600000	3	4	970	chance:20|set_flag_var:5|unset_flag_var:6	timer	1800000	0	0		0.0	0.0	0.0	LF4_Rotation_Dportal_Time_Check
856407	3600000	4	0	960	set_flag_var:5|unset_flag_var:6	spawn	856408	1	10	absolute	1008.8	720.0	622.0	LF4_Rotation_Dportal_Time_Check
856407	3600000	4	1	960	set_flag_var:5|unset_flag_var:6	spawn	856409	1	10	absolute	853.2	1732.4	325.0	LF4_Rotation_Dportal_Time_Check
856407	3600000	4	2	960	set_flag_var:5|unset_flag_var:6	spawn	856410	1	10	absolute	2203.2	699.2	497.0	LF4_Rotation_Dportal_Time_Check
856407	3600000	4	3	960	set_flag_var:5|unset_flag_var:6	spawn	856411	1	10	absolute	1999.5	1927.9	302.0	LF4_Rotation_Dportal_Time_Check
856407	3600000	4	4	960	set_flag_var:5|unset_flag_var:6	timer	5400000	0	0		0.0	0.0	0.0	LF4_Rotation_Dportal_Time_Check
856407	3600000	5	0	960	set_flag_var:6|unset_flag_var:5	spawn	856408	1	10	absolute	1008.8	720.0	622.0	LF4_Rotation_Dportal_Time_Check
856407	3600000	5	1	960	set_flag_var:6|unset_flag_var:5	spawn	856409	1	10	absolute	853.2	1732.4	325.0	LF4_Rotation_Dportal_Time_Check
856407	3600000	5	2	960	set_flag_var:6|unset_flag_var:5	spawn	856410	1	10	absolute	2203.2	699.2	497.0	LF4_Rotation_Dportal_Time_Check
856407	3600000	5	3	960	set_flag_var:6|unset_flag_var:5	spawn	856411	1	10	absolute	1999.5	1927.9	302.0	LF4_Rotation_Dportal_Time_Check
856407	3600000	5	4	960	set_flag_var:6|unset_flag_var:5	timer	5400000	0	0		0.0	0.0	0.0	LF4_Rotation_Dportal_Time_Check
856407	3600000	6	0	900	chance:40|set_flag_var:6|unset_flag_var:5	spawn	856408	1	10	absolute	1008.8	720.0	622.0	LF4_Rotation_Dportal_Time_Check
856407	3600000	6	1	900	chance:40|set_flag_var:6|unset_flag_var:5	spawn	856409	1	10	absolute	853.2	1732.4	325.0	LF4_Rotation_Dportal_Time_Check
856407	3600000	6	2	900	chance:40|set_flag_var:6|unset_flag_var:5	spawn	856410	1	10	absolute	2203.2	699.2	497.0	LF4_Rotation_Dportal_Time_Check
856407	3600000	6	3	900	chance:40|set_flag_var:6|unset_flag_var:5	spawn	856411	1	10	absolute	1999.5	1927.9	302.0	LF4_Rotation_Dportal_Time_Check
856407	3600000	6	4	900	chance:40|set_flag_var:6|unset_flag_var:5	timer	3600000	0	0		0.0	0.0	0.0	LF4_Rotation_Dportal_Time_Check
856407	3600000	7	0	890	chance:20|set_flag_var:6|unset_flag_var:5	spawn	856408	1	10	absolute	1008.8	720.0	622.0	LF4_Rotation_Dportal_Time_Check
856407	3600000	7	1	890	chance:20|set_flag_var:6|unset_flag_var:5	spawn	856409	1	10	absolute	853.2	1732.4	325.0	LF4_Rotation_Dportal_Time_Check
856407	3600000	7	2	890	chance:20|set_flag_var:6|unset_flag_var:5	spawn	856410	1	10	absolute	2203.2	699.2	497.0	LF4_Rotation_Dportal_Time_Check
856407	3600000	7	3	890	chance:20|set_flag_var:6|unset_flag_var:5	spawn	856411	1	10	absolute	1999.5	1927.9	302.0	LF4_Rotation_Dportal_Time_Check
856407	3600000	7	4	890	chance:20|set_flag_var:6|unset_flag_var:5	timer	2700000	0	0		0.0	0.0	0.0	LF4_Rotation_Dportal_Time_Check
856407	3600000	8	0	880	chance:20|set_flag_var:6|unset_flag_var:5	spawn	856408	1	10	absolute	1008.8	720.0	622.0	LF4_Rotation_Dportal_Time_Check
856407	3600000	8	1	880	chance:20|set_flag_var:6|unset_flag_var:5	spawn	856409	1	10	absolute	853.2	1732.4	325.0	LF4_Rotation_Dportal_Time_Check
856407	3600000	8	2	880	chance:20|set_flag_var:6|unset_flag_var:5	spawn	856410	1	10	absolute	2203.2	699.2	497.0	LF4_Rotation_Dportal_Time_Check
856407	3600000	8	3	880	chance:20|set_flag_var:6|unset_flag_var:5	spawn	856411	1	10	absolute	1999.5	1927.9	302.0	LF4_Rotation_Dportal_Time_Check
856407	3600000	8	4	880	chance:20|set_flag_var:6|unset_flag_var:5	timer	4500000	0	0		0.0	0.0	0.0	LF4_Rotation_Dportal_Time_Check
856407	3600000	9	0	870	chance:20|set_flag_var:6|unset_flag_var:5	spawn	856408	1	10	absolute	1008.8	720.0	622.0	LF4_Rotation_Dportal_Time_Check
856407	3600000	9	1	870	chance:20|set_flag_var:6|unset_flag_var:5	spawn	856409	1	10	absolute	853.2	1732.4	325.0	LF4_Rotation_Dportal_Time_Check
856407	3600000	9	2	870	chance:20|set_flag_var:6|unset_flag_var:5	spawn	856410	1	10	absolute	2203.2	699.2	497.0	LF4_Rotation_Dportal_Time_Check
856407	3600000	9	3	870	chance:20|set_flag_var:6|unset_flag_var:5	spawn	856411	1	10	absolute	1999.5	1927.9	302.0	LF4_Rotation_Dportal_Time_Check
856407	3600000	9	4	870	chance:20|set_flag_var:6|unset_flag_var:5	timer	1800000	0	0		0.0	0.0	0.0	LF4_Rotation_Dportal_Time_Check
856428	3600000	0	0	1000	chance:40|set_flag_var:5|unset_flag_var:6	spawn	856429	1	10	absolute	845.8	1473.1	430.0	DF4_Rotation_Dportal_Time_Check
856428	3600000	0	1	1000	chance:40|set_flag_var:5|unset_flag_var:6	spawn	856430	1	10	absolute	764.5	2423.5	380.0	DF4_Rotation_Dportal_Time_Check
856428	3600000	0	2	1000	chance:40|set_flag_var:5|unset_flag_var:6	spawn	856431	1	10	absolute	2060.8	1427.0	328.0	DF4_Rotation_Dportal_Time_Check
856428	3600000	0	3	1000	chance:40|set_flag_var:5|unset_flag_var:6	spawn	856432	1	10	absolute	2296.9	2308.3	534.2	DF4_Rotation_Dportal_Time_Check
856428	3600000	0	4	1000	chance:40|set_flag_var:5|unset_flag_var:6	timer	3600000	0	0		0.0	0.0	0.0	DF4_Rotation_Dportal_Time_Check
856428	3600000	1	0	990	chance:20|set_flag_var:5|unset_flag_var:6	spawn	856429	1	10	absolute	845.8	1473.1	430.0	DF4_Rotation_Dportal_Time_Check
856428	3600000	1	1	990	chance:20|set_flag_var:5|unset_flag_var:6	spawn	856430	1	10	absolute	764.5	2423.5	380.0	DF4_Rotation_Dportal_Time_Check
856428	3600000	1	2	990	chance:20|set_flag_var:5|unset_flag_var:6	spawn	856431	1	10	absolute	2060.8	1427.0	328.0	DF4_Rotation_Dportal_Time_Check
856428	3600000	1	3	990	chance:20|set_flag_var:5|unset_flag_var:6	spawn	856432	1	10	absolute	2296.9	2308.3	534.2	DF4_Rotation_Dportal_Time_Check
856428	3600000	1	4	990	chance:20|set_flag_var:5|unset_flag_var:6	timer	2700000	0	0		0.0	0.0	0.0	DF4_Rotation_Dportal_Time_Check
856428	3600000	2	0	980	chance:20|set_flag_var:5|unset_flag_var:6	spawn	856429	1	10	absolute	845.8	1473.1	430.0	DF4_Rotation_Dportal_Time_Check
856428	3600000	2	1	980	chance:20|set_flag_var:5|unset_flag_var:6	spawn	856430	1	10	absolute	764.5	2423.5	380.0	DF4_Rotation_Dportal_Time_Check
856428	3600000	2	2	980	chance:20|set_flag_var:5|unset_flag_var:6	spawn	856431	1	10	absolute	2060.8	1427.0	328.0	DF4_Rotation_Dportal_Time_Check
856428	3600000	2	3	980	chance:20|set_flag_var:5|unset_flag_var:6	spawn	856432	1	10	absolute	2296.9	2308.3	534.2	DF4_Rotation_Dportal_Time_Check
856428	3600000	2	4	980	chance:20|set_flag_var:5|unset_flag_var:6	timer	4500000	0	0		0.0	0.0	0.0	DF4_Rotation_Dportal_Time_Check
856428	3600000	3	0	970	chance:20|set_flag_var:5|unset_flag_var:6	spawn	856429	1	10	absolute	845.8	1473.1	430.0	DF4_Rotation_Dportal_Time_Check
856428	3600000	3	1	970	chance:20|set_flag_var:5|unset_flag_var:6	spawn	856430	1	10	absolute	764.5	2423.5	380.0	DF4_Rotation_Dportal_Time_Check
856428	3600000	3	2	970	chance:20|set_flag_var:5|unset_flag_var:6	spawn	856431	1	10	absolute	2060.8	1427.0	328.0	DF4_Rotation_Dportal_Time_Check
856428	3600000	3	3	970	chance:20|set_flag_var:5|unset_flag_var:6	spawn	856432	1	10	absolute	2296.9	2308.3	534.2	DF4_Rotation_Dportal_Time_Check
856428	3600000	3	4	970	chance:20|set_flag_var:5|unset_flag_var:6	timer	1800000	0	0		0.0	0.0	0.0	DF4_Rotation_Dportal_Time_Check
856428	3600000	4	0	960	set_flag_var:5|unset_flag_var:6	spawn	856429	1	10	absolute	845.8	1473.1	430.0	DF4_Rotation_Dportal_Time_Check
856428	3600000	4	1	960	set_flag_var:5|unset_flag_var:6	spawn	856430	1	10	absolute	764.5	2423.5	380.0	DF4_Rotation_Dportal_Time_Check
856428	3600000	4	2	960	set_flag_var:5|unset_flag_var:6	spawn	856431	1	10	absolute	2060.8	1427.0	328.0	DF4_Rotation_Dportal_Time_Check
856428	3600000	4	3	960	set_flag_var:5|unset_flag_var:6	spawn	856432	1	10	absolute	2296.9	2308.3	534.2	DF4_Rotation_Dportal_Time_Check
856428	3600000	4	4	960	set_flag_var:5|unset_flag_var:6	timer	5400000	0	0		0.0	0.0	0.0	DF4_Rotation_Dportal_Time_Check
856428	3600000	5	0	900	chance:40|set_flag_var:6|unset_flag_var:5	spawn	856429	1	10	absolute	845.8	1473.1	430.0	DF4_Rotation_Dportal_Time_Check
856428	3600000	5	1	900	chance:40|set_flag_var:6|unset_flag_var:5	spawn	856430	1	10	absolute	764.5	2423.5	380.0	DF4_Rotation_Dportal_Time_Check
856428	3600000	5	2	900	chance:40|set_flag_var:6|unset_flag_var:5	spawn	856431	1	10	absolute	2060.8	1427.0	328.0	DF4_Rotation_Dportal_Time_Check
856428	3600000	5	3	900	chance:40|set_flag_var:6|unset_flag_var:5	spawn	856432	1	10	absolute	2296.9	2308.3	534.2	DF4_Rotation_Dportal_Time_Check
856428	3600000	5	4	900	chance:40|set_flag_var:6|unset_flag_var:5	timer	3600000	0	0		0.0	0.0	0.0	DF4_Rotation_Dportal_Time_Check
856428	3600000	6	0	890	chance:20|set_flag_var:6|unset_flag_var:5	spawn	856429	1	10	absolute	845.8	1473.1	430.0	DF4_Rotation_Dportal_Time_Check
856428	3600000	6	1	890	chance:20|set_flag_var:6|unset_flag_var:5	spawn	856430	1	10	absolute	764.5	2423.5	380.0	DF4_Rotation_Dportal_Time_Check
856428	3600000	6	2	890	chance:20|set_flag_var:6|unset_flag_var:5	spawn	856431	1	10	absolute	2060.8	1427.0	328.0	DF4_Rotation_Dportal_Time_Check
856428	3600000	6	3	890	chance:20|set_flag_var:6|unset_flag_var:5	spawn	856432	1	10	absolute	2296.9	2308.3	534.2	DF4_Rotation_Dportal_Time_Check
856428	3600000	6	4	890	chance:20|set_flag_var:6|unset_flag_var:5	timer	2700000	0	0		0.0	0.0	0.0	DF4_Rotation_Dportal_Time_Check
856428	3600000	7	0	880	chance:20|set_flag_var:6|unset_flag_var:5	spawn	856429	1	10	absolute	845.8	1473.1	430.0	DF4_Rotation_Dportal_Time_Check
856428	3600000	7	1	880	chance:20|set_flag_var:6|unset_flag_var:5	spawn	856430	1	10	absolute	764.5	2423.5	380.0	DF4_Rotation_Dportal_Time_Check
856428	3600000	7	2	880	chance:20|set_flag_var:6|unset_flag_var:5	spawn	856431	1	10	absolute	2060.8	1427.0	328.0	DF4_Rotation_Dportal_Time_Check
856428	3600000	7	3	880	chance:20|set_flag_var:6|unset_flag_var:5	spawn	856432	1	10	absolute	2296.9	2308.3	534.2	DF4_Rotation_Dportal_Time_Check
856428	3600000	7	4	880	chance:20|set_flag_var:6|unset_flag_var:5	timer	4500000	0	0		0.0	0.0	0.0	DF4_Rotation_Dportal_Time_Check
856428	3600000	8	0	870	chance:20|set_flag_var:6|unset_flag_var:5	spawn	856429	1	10	absolute	845.8	1473.1	430.0	DF4_Rotation_Dportal_Time_Check
856428	3600000	8	1	870	chance:20|set_flag_var:6|unset_flag_var:5	spawn	856430	1	10	absolute	764.5	2423.5	380.0	DF4_Rotation_Dportal_Time_Check
856428	3600000	8	2	870	chance:20|set_flag_var:6|unset_flag_var:5	spawn	856431	1	10	absolute	2060.8	1427.0	328.0	DF4_Rotation_Dportal_Time_Check
856428	3600000	8	3	870	chance:20|set_flag_var:6|unset_flag_var:5	spawn	856432	1	10	absolute	2296.9	2308.3	534.2	DF4_Rotation_Dportal_Time_Check
856428	3600000	8	4	870	chance:20|set_flag_var:6|unset_flag_var:5	timer	1800000	0	0		0.0	0.0	0.0	DF4_Rotation_Dportal_Time_Check
856428	3600000	9	0	860	set_flag_var:6|unset_flag_var:5	spawn	856429	1	10	absolute	845.8	1473.1	430.0	DF4_Rotation_Dportal_Time_Check
856428	3600000	9	1	860	set_flag_var:6|unset_flag_var:5	spawn	856430	1	10	absolute	764.5	2423.5	380.0	DF4_Rotation_Dportal_Time_Check
856428	3600000	9	2	860	set_flag_var:6|unset_flag_var:5	spawn	856431	1	10	absolute	2060.8	1427.0	328.0	DF4_Rotation_Dportal_Time_Check
856428	3600000	9	3	860	set_flag_var:6|unset_flag_var:5	spawn	856432	1	10	absolute	2296.9	2308.3	534.2	DF4_Rotation_Dportal_Time_Check
856428	3600000	9	4	860	set_flag_var:6|unset_flag_var:5	timer	5400000	0	0		0.0	0.0	0.0	DF4_Rotation_Dportal_Time_Check
856449	5400000	0	0	60	chance:50|unset_flag_var:0	spawn	236660	1	1800	absolute	898.8	782.7	334.0	F4_Rotation_Treasure_Ctrl_03
856449	5400000	0	1	60	chance:50|unset_flag_var:0	timer	5400000	0	0		0.0	0.0	0.0	F4_Rotation_Treasure_Ctrl_03
856449	5400000	1	0	59	unset_flag_var:0	spawn	856450	1	20	self	0.0	0.0	0.0	F4_Rotation_Treasure_Ctrl_03
856449	5400000	1	1	59	unset_flag_var:0	timer	5400000	0	0		0.0	0.0	0.0	F4_Rotation_Treasure_Ctrl_03
856449	5400000	2	0	50	chance:50|set_flag_var:0	timer	1800000	0	0		0.0	0.0	0.0	F4_Rotation_Treasure_Ctrl_03
856449	5400000	3	0	49	chance:50|set_flag_var:0	timer	3600000	0	0		0.0	0.0	0.0	F4_Rotation_Treasure_Ctrl_03
856449	5400000	4	0	48	set_flag_var:0	timer	2700000	0	0		0.0	0.0	0.0	F4_Rotation_Treasure_Ctrl_03
856461	300000	0	0	600	set_flag_var:5	timer	360000	0	0		0.0	0.0	0.0	Legion_Dark_Start_Check
856461	300000	0	1	600	set_flag_var:5	spawn	856463	1	0	self	0.0	0.0	0.0	Legion_Dark_Start_Check
856461	300000	1	0	500	set_flag_var:6	timer	420000	0	0		0.0	0.0	0.0	Legion_Dark_Start_Check
856461	300000	1	1	500	set_flag_var:6	spawn	856464	1	0	self	0.0	0.0	0.0	Legion_Dark_Start_Check
856461	300000	2	0	400	set_flag_var:7	spawn	856465	1	0	self	0.0	0.0	0.0	Legion_Dark_Start_Check
856470	6000	0	0	10	chance:20	spawn	236671	1	600	absolute	812.0	454.0	529.0	F4_Rotation_Treasure_Box_Ctrl_L
856470	6000	0	1	10	chance:20	despawn_self	0	0	0		0.0	0.0	0.0	F4_Rotation_Treasure_Box_Ctrl_L
856470	6000	1	0	9	chance:20	spawn	236671	1	600	absolute	2726.0	393.0	339.0	F4_Rotation_Treasure_Box_Ctrl_L
856470	6000	1	1	9	chance:20	despawn_self	0	0	0		0.0	0.0	0.0	F4_Rotation_Treasure_Box_Ctrl_L
856470	6000	2	0	8	chance:20	spawn	236671	1	600	absolute	886.0	1256.0	415.0	F4_Rotation_Treasure_Box_Ctrl_L
856470	6000	2	1	8	chance:20	despawn_self	0	0	0		0.0	0.0	0.0	F4_Rotation_Treasure_Box_Ctrl_L
856470	6000	3	0	7	chance:20	spawn	236671	1	600	absolute	1428.0	1925.0	308.0	F4_Rotation_Treasure_Box_Ctrl_L
856470	6000	3	1	7	chance:20	despawn_self	0	0	0		0.0	0.0	0.0	F4_Rotation_Treasure_Box_Ctrl_L
856470	6000	4	0	6		spawn	236671	1	600	absolute	2364.0	1347.0	242.0	F4_Rotation_Treasure_Box_Ctrl_L
856470	6000	4	1	6		despawn_self	0	0	0		0.0	0.0	0.0	F4_Rotation_Treasure_Box_Ctrl_L
856474	6000	0	0	10	chance:20	spawn	236672	1	600	absolute	2467.0	1064.0	284.0	F4_Rotation_Treasure_Box_Ctrl_D
856474	6000	0	1	10	chance:20	despawn_self	0	0	0		0.0	0.0	0.0	F4_Rotation_Treasure_Box_Ctrl_D
856474	6000	1	0	9	chance:20	spawn	236672	1	600	absolute	1348.0	1306.0	290.0	F4_Rotation_Treasure_Box_Ctrl_D
856474	6000	1	1	9	chance:20	despawn_self	0	0	0		0.0	0.0	0.0	F4_Rotation_Treasure_Box_Ctrl_D
856474	6000	2	0	8	chance:20	spawn	236672	1	600	absolute	711.0	2031.0	341.0	F4_Rotation_Treasure_Box_Ctrl_D
856474	6000	2	1	8	chance:20	despawn_self	0	0	0		0.0	0.0	0.0	F4_Rotation_Treasure_Box_Ctrl_D
856474	6000	3	0	7	chance:20	spawn	236672	1	600	absolute	2063.0	1630.0	355.0	F4_Rotation_Treasure_Box_Ctrl_D
856474	6000	3	1	7	chance:20	despawn_self	0	0	0		0.0	0.0	0.0	F4_Rotation_Treasure_Box_Ctrl_D
856474	6000	4	0	6		spawn	236672	1	600	absolute	2880.0	2367.0	482.0	F4_Rotation_Treasure_Box_Ctrl_D
856474	6000	4	1	6		despawn_self	0	0	0		0.0	0.0	0.0	F4_Rotation_Treasure_Box_Ctrl_D
856481	2500	0	0	1	set_flag_var:0	spawn	236270	1	0	self	0.0	0.0	0.0	IDYun_info_08
856481	2500	0	1	1	set_flag_var:0	timer	0	0	0		0.0	0.0	0.0	IDYun_info_08
