skill	category
17	MENTAL_DEBUFF
18	MENTAL_DEBUFF
19	CHAIN_SKILL
20	CHAIN_SKILL
245	HEAL
246	HEAL
247	HEAL
249	HEAL
250	HEAL
251	HEAL
252	HEAL
253	HEAL
254	HEAL
283	CHAIN_SKILL
285	MENTAL_DEBUFF
286	MENTAL_DEBUFF
297	HEAL
298	HEAL
305	CHAIN_SKILL
306	CHAIN_SKILL
307	CHAIN_SKILL
308	HEAL
309	HEAL
310	HEAL
311	HEAL
312	HEAL
313	HEAL
314	HEAL
315	HEAL
316	HEAL
317	HEAL
318	HEAL
319	HEAL
320	HEAL
321	HEAL
449	PHYSICAL_DEBUFF
451	PHYSICAL_DEBUFF
454	CHAIN_SKILL
455	MENTAL_DEBUFF
457	CHAIN_SKILL
458	PHYSICAL_DEBUFF
462	PHYSICAL_DEBUFF
467	PHYSICAL_DEBUFF
518	CHAIN_SKILL
555	CHAIN_SKILL
556	CHAIN_SKILL
557	CHAIN_SKILL
558	CHAIN_SKILL
559	CHAIN_SKILL
560	CHAIN_SKILL
561	CHAIN_SKILL
562	CHAIN_SKILL
572	CHAIN_SKILL
573	CHAIN_SKILL
601	CHAIN_SKILL
602	CHAIN_SKILL
603	CHAIN_SKILL
604	CHAIN_SKILL
612	PHYSICAL_DEBUFF
613	PHYSICAL_DEBUFF
614	PHYSICAL_DEBUFF
615	PHYSICAL_DEBUFF
616	PHYSICAL_DEBUFF
617	PHYSICAL_DEBUFF
618	PHYSICAL_DEBUFF
621	CHAIN_SKILL
622	CHAIN_SKILL
623	CHAIN_SKILL
624	CHAIN_SKILL
625	CHAIN_SKILL
626	CHAIN_SKILL
627	CHAIN_SKILL
628	CHAIN_SKILL
629	CHAIN_SKILL
630	CHAIN_SKILL
631	CHAIN_SKILL
632	CHAIN_SKILL
633	CHAIN_SKILL
634	CHAIN_SKILL
641	CHAIN_SKILL
642	CHAIN_SKILL
643	CHAIN_SKILL
670	CHAIN_SKILL
671	CHAIN_SKILL
672	CHAIN_SKILL
673	CHAIN_SKILL
674	CHAIN_SKILL
675	CHAIN_SKILL
676	CHAIN_SKILL
677	CHAIN_SKILL
678	CHAIN_SKILL
679	CHAIN_SKILL
680	CHAIN_SKILL
681	CHAIN_SKILL
682	CHAIN_SKILL
710	CHAIN_SKILL
711	CHAIN_SKILL
712	CHAIN_SKILL
713	CHAIN_SKILL
714	CHAIN_SKILL
715	CHAIN_SKILL
716	CHAIN_SKILL
717	CHAIN_SKILL
718	CHAIN_SKILL
719	CHAIN_SKILL
720	CHAIN_SKILL
721	CHAIN_SKILL
722	CHAIN_SKILL
723	CHAIN_SKILL
724	CHAIN_SKILL
725	CHAIN_SKILL
726	CHAIN_SKILL
739	CHAIN_SKILL
740	CHAIN_SKILL
741	CHAIN_SKILL
742	CHAIN_SKILL
743	CHAIN_SKILL
744	CHAIN_SKILL
745	CHAIN_SKILL
746	CHAIN_SKILL
747	CHAIN_SKILL
748	CHAIN_SKILL
749	CHAIN_SKILL
750	CHAIN_SKILL
751	CHAIN_SKILL
752	CHAIN_SKILL
753	CHAIN_SKILL
754	CHAIN_SKILL
758	CHAIN_SKILL
769	CHAIN_SKILL
770	CHAIN_SKILL
771	CHAIN_SKILL
772	CHAIN_SKILL
773	CHAIN_SKILL
774	CHAIN_SKILL
775	CHAIN_SKILL
776	CHAIN_SKILL
777	CHAIN_SKILL
778	CHAIN_SKILL
779	CHAIN_SKILL
780	CHAIN_SKILL
784	CHAIN_SKILL
785	CHAIN_SKILL
786	CHAIN_SKILL
787	CHAIN_SKILL
788	CHAIN_SKILL
789	CHAIN_SKILL
790	CHAIN_SKILL
791	CHAIN_SKILL
792	CHAIN_SKILL
793	CHAIN_SKILL
794	CHAIN_SKILL
795	CHAIN_SKILL
830	CHAIN_SKILL
831	CHAIN_SKILL
832	CHAIN_SKILL
833	CHAIN_SKILL
834	CHAIN_SKILL
835	CHAIN_SKILL
836	CHAIN_SKILL
837	CHAIN_SKILL
838	CHAIN_SKILL
839	CHAIN_SKILL
840	HEAL
848	PHYSICAL_DEBUFF
865	CHAIN_SKILL
866	CHAIN_SKILL
873	PHYSICAL_DEBUFF
874	PHYSICAL_DEBUFF
875	PHYSICAL_DEBUFF
876	PHYSICAL_DEBUFF
877	PHYSICAL_DEBUFF
878	PHYSICAL_DEBUFF
879	PHYSICAL_DEBUFF
880	PHYSICAL_DEBUFF
890	CHAIN_SKILL
891	CHAIN_SKILL
892	CHAIN_SKILL
893	CHAIN_SKILL
894	CHAIN_SKILL
895	CHAIN_SKILL
896	MENTAL_DEBUFF
897	MENTAL_DEBUFF
898	MENTAL_DEBUFF
899	MENTAL_DEBUFF
900	MENTAL_DEBUFF
901	MENTAL_DEBUFF
902	MENTAL_DEBUFF
903	MENTAL_DEBUFF
904	MENTAL_DEBUFF
905	MENTAL_DEBUFF
939	CHAIN_SKILL
940	CHAIN_SKILL
941	CHAIN_SKILL
942	CHAIN_SKILL
943	CHAIN_SKILL
944	CHAIN_SKILL
945	CHAIN_SKILL
946	CHAIN_SKILL
947	CHAIN_SKILL
948	CHAIN_SKILL
949	CHAIN_SKILL
950	PHYSICAL_DEBUFF
951	PHYSICAL_DEBUFF
952	PHYSICAL_DEBUFF
953	PHYSICAL_DEBUFF
954	PHYSICAL_DEBUFF
955	PHYSICAL_DEBUFF
956	PHYSICAL_DEBUFF
957	PHYSICAL_DEBUFF
958	PHYSICAL_DEBUFF
959	PHYSICAL_DEBUFF
960	PHYSICAL_DEBUFF
961	PHYSICAL_DEBUFF
994	CHAIN_SKILL
995	CHAIN_SKILL
996	CHAIN_SKILL
997	CHAIN_SKILL
998	CHAIN_SKILL
999	CHAIN_SKILL
1000	CHAIN_SKILL
1001	CHAIN_SKILL
1002	CHAIN_SKILL
1003	CHAIN_SKILL
1004	CHAIN_SKILL
1005	CHAIN_SKILL
1022	PHYSICAL_DEBUFF
1023	PHYSICAL_DEBUFF
1024	PHYSICAL_DEBUFF
1025	PHYSICAL_DEBUFF
1026	PHYSICAL_DEBUFF
1054	CHAIN_SKILL
1055	CHAIN_SKILL
1056	CHAIN_SKILL
1066	PHYSICAL_DEBUFF
1067	PHYSICAL_DEBUFF
1068	PHYSICAL_DEBUFF
1069	PHYSICAL_DEBUFF
1070	PHYSICAL_DEBUFF
1071	PHYSICAL_DEBUFF
1072	PHYSICAL_DEBUFF
1073	PHYSICAL_DEBUFF
1074	PHYSICAL_DEBUFF
1075	CHAIN_SKILL
1076	CHAIN_SKILL
1077	CHAIN_SKILL
1078	CHAIN_SKILL
1079	CHAIN_SKILL
1080	CHAIN_SKILL
1081	CHAIN_SKILL
1082	CHAIN_SKILL
1083	CHAIN_SKILL
1084	CHAIN_SKILL
1085	CHAIN_SKILL
1086	CHAIN_SKILL
1087	CHAIN_SKILL
1088	CHAIN_SKILL
1089	CHAIN_SKILL
1102	CHAIN_SKILL
1103	CHAIN_SKILL
1104	CHAIN_SKILL
1105	CHAIN_SKILL
1106	CHAIN_SKILL
1107	CHAIN_SKILL
1108	CHAIN_SKILL
1109	CHAIN_SKILL
1110	CHAIN_SKILL
1167	CHAIN_SKILL
1168	CHAIN_SKILL
1169	CHAIN_SKILL
1170	CHAIN_SKILL
1171	CHAIN_SKILL
1172	CHAIN_SKILL
1173	CHAIN_SKILL
1174	CHAIN_SKILL
1175	CHAIN_SKILL
1176	CHAIN_SKILL
1177	CHAIN_SKILL
1178	CHAIN_SKILL
1179	PHYSICAL_DEBUFF
1180	PHYSICAL_DEBUFF
1181	PHYSICAL_DEBUFF
1182	PHYSICAL_DEBUFF
1183	PHYSICAL_DEBUFF
1216	MENTAL_DEBUFF
1259	CHAIN_SKILL
1260	CHAIN_SKILL
1261	CHAIN_SKILL
1262	CHAIN_SKILL
1263	CHAIN_SKILL
1264	CHAIN_SKILL
1265	CHAIN_SKILL
1266	CHAIN_SKILL
1267	CHAIN_SKILL
1268	CHAIN_SKILL
1269	CHAIN_SKILL
1282	CHAIN_SKILL
1283	CHAIN_SKILL
1284	CHAIN_SKILL
1285	CHAIN_SKILL
1286	CHAIN_SKILL
1287	CHAIN_SKILL
1288	CHAIN_SKILL
1289	CHAIN_SKILL
1290	CHAIN_SKILL
1291	CHAIN_SKILL
1292	CHAIN_SKILL
1293	CHAIN_SKILL
1294	CHAIN_SKILL
1295	CHAIN_SKILL
1328	PHYSICAL_DEBUFF
1337	MENTAL_DEBUFF
1338	MENTAL_DEBUFF
1339	MENTAL_DEBUFF
1340	MENTAL_DEBUFF
1341	MENTAL_DEBUFF
1342	MENTAL_DEBUFF
1343	MENTAL_DEBUFF
1344	MENTAL_DEBUFF
1345	MENTAL_DEBUFF
1346	CHAIN_SKILL
1363	PHYSICAL_DEBUFF
1364	PHYSICAL_DEBUFF
1365	PHYSICAL_DEBUFF
1366	PHYSICAL_DEBUFF
1367	PHYSICAL_DEBUFF
1368	PHYSICAL_DEBUFF
1369	PHYSICAL_DEBUFF
1370	PHYSICAL_DEBUFF
1371	PHYSICAL_DEBUFF
1372	PHYSICAL_DEBUFF
1373	PHYSICAL_DEBUFF
1374	PHYSICAL_DEBUFF
1375	PHYSICAL_DEBUFF
1384	CHAIN_SKILL
1385	CHAIN_SKILL
1386	CHAIN_SKILL
1394	CHAIN_SKILL
1395	CHAIN_SKILL
1403	CHAIN_SKILL
1404	CHAIN_SKILL
1405	CHAIN_SKILL
1406	CHAIN_SKILL
1407	CHAIN_SKILL
1408	CHAIN_SKILL
1409	CHAIN_SKILL
1410	CHAIN_SKILL
1411	CHAIN_SKILL
1412	CHAIN_SKILL
1413	CHAIN_SKILL
1414	CHAIN_SKILL
1415	CHAIN_SKILL
1416	CHAIN_SKILL
1417	MENTAL_DEBUFF
1557	CHAIN_SKILL
1558	CHAIN_SKILL
1559	CHAIN_SKILL
1560	CHAIN_SKILL
1562	CHAIN_SKILL
1563	CHAIN_SKILL
1564	CHAIN_SKILL
1565	CHAIN_SKILL
1566	CHAIN_SKILL
1567	CHAIN_SKILL
1568	CHAIN_SKILL
1569	CHAIN_SKILL
1570	CHAIN_SKILL
1571	CHAIN_SKILL
1572	CHAIN_SKILL
1573	CHAIN_SKILL
1587	CHAIN_SKILL
1588	CHAIN_SKILL
1589	CHAIN_SKILL
1590	CHAIN_SKILL
1591	CHAIN_SKILL
1592	CHAIN_SKILL
1593	CHAIN_SKILL
1594	CHAIN_SKILL
1595	CHAIN_SKILL
1602	HEAL
1603	HEAL
1604	HEAL
1605	HEAL
1606	HEAL
1607	CHAIN_SKILL
1608	CHAIN_SKILL
1609	CHAIN_SKILL
1610	CHAIN_SKILL
1611	CHAIN_SKILL
1612	CHAIN_SKILL
1613	CHAIN_SKILL
1614	CHAIN_SKILL
1615	CHAIN_SKILL
1616	CHAIN_SKILL
1617	CHAIN_SKILL
1618	CHAIN_SKILL
1619	CHAIN_SKILL
1620	CHAIN_SKILL
1621	CHAIN_SKILL
1622	CHAIN_SKILL
1623	CHAIN_SKILL
1624	CHAIN_SKILL
1625	CHAIN_SKILL
1626	CHAIN_SKILL
1639	CHAIN_SKILL
1640	CHAIN_SKILL
1641	CHAIN_SKILL
1642	CHAIN_SKILL
1643	CHAIN_SKILL
1644	CHAIN_SKILL
1645	CHAIN_SKILL
1646	CHAIN_SKILL
1647	CHAIN_SKILL
1667	CHAIN_SKILL
1668	CHAIN_SKILL
1669	CHAIN_SKILL
1670	CHAIN_SKILL
1671	CHAIN_SKILL
1672	CHAIN_SKILL
1673	CHAIN_SKILL
1674	CHAIN_SKILL
1675	CHAIN_SKILL
1676	CHAIN_SKILL
1677	CHAIN_SKILL
1678	CHAIN_SKILL
1679	CHAIN_SKILL
1680	CHAIN_SKILL
1681	CHAIN_SKILL
1682	CHAIN_SKILL
1683	CHAIN_SKILL
1699	REBIRTH
1703	CHAIN_SKILL
1704	CHAIN_SKILL
1705	CHAIN_SKILL
1706	CHAIN_SKILL
1707	CHAIN_SKILL
1708	CHAIN_SKILL
1709	CHAIN_SKILL
1710	CHAIN_SKILL
1711	CHAIN_SKILL
1712	CHAIN_SKILL
1713	CHAIN_SKILL
1715	CHAIN_SKILL
1716	CHAIN_SKILL
1717	CHAIN_SKILL
1718	CHAIN_SKILL
1719	CHAIN_SKILL
1720	CHAIN_SKILL
1721	CHAIN_SKILL
1722	CHAIN_SKILL
1723	CHAIN_SKILL
1724	CHAIN_SKILL
1725	CHAIN_SKILL
1726	CHAIN_SKILL
1735	HEAL
1736	HEAL
1737	HEAL
1738	HEAL
1739	HEAL
1740	HEAL
1741	HEAL
1742	HEAL
1743	HEAL
1744	HEAL
1745	HEAL
1778	CHAIN_SKILL
1779	CHAIN_SKILL
1780	CHAIN_SKILL
1781	CHAIN_SKILL
1782	CHAIN_SKILL
1783	CHAIN_SKILL
1784	CHAIN_SKILL
1785	CHAIN_SKILL
1786	CHAIN_SKILL
1787	CHAIN_SKILL
1788	CHAIN_SKILL
1789	CHAIN_SKILL
1798	CHAIN_SKILL
1799	CHAIN_SKILL
1800	CHAIN_SKILL
1814	CHAIN_SKILL
1815	CHAIN_SKILL
1816	CHAIN_SKILL
1817	CHAIN_SKILL
1818	CHAIN_SKILL
1819	CHAIN_SKILL
1820	CHAIN_SKILL
1821	CHAIN_SKILL
1822	CHAIN_SKILL
1823	CHAIN_SKILL
1824	CHAIN_SKILL
1825	CHAIN_SKILL
1835	PHYSICAL_DEBUFF
1836	PHYSICAL_DEBUFF
1837	PHYSICAL_DEBUFF
1838	HEAL
1839	HEAL
1840	HEAL
1841	HEAL
1842	HEAL
1843	HEAL
1844	HEAL
1845	HEAL
1846	HEAL
1847	HEAL
1848	HEAL
1849	HEAL
1850	HEAL
1852	HEAL
1853	HEAL
1854	HEAL
1855	HEAL
1856	HEAL
1857	HEAL
1858	HEAL
1859	HEAL
1860	HEAL
1861	HEAL
1862	HEAL
1863	PHYSICAL_DEBUFF
1864	PHYSICAL_DEBUFF
1865	PHYSICAL_DEBUFF
1866	PHYSICAL_DEBUFF
1867	PHYSICAL_DEBUFF
1868	PHYSICAL_DEBUFF
1875	CHAIN_SKILL
1876	CHAIN_SKILL
1877	CHAIN_SKILL
1878	CHAIN_SKILL
1879	CHAIN_SKILL
1880	CHAIN_SKILL
1881	CHAIN_SKILL
1882	CHAIN_SKILL
1883	CHAIN_SKILL
1884	CHAIN_SKILL
1885	CHAIN_SKILL
1886	CHAIN_SKILL
1887	CHAIN_SKILL
1888	CHAIN_SKILL
1889	CHAIN_SKILL
1890	CHAIN_SKILL
1911	CHAIN_SKILL
1912	CHAIN_SKILL
1913	CHAIN_SKILL
1914	CHAIN_SKILL
1915	CHAIN_SKILL
1916	CHAIN_SKILL
1917	CHAIN_SKILL
1918	CHAIN_SKILL
1919	CHAIN_SKILL
1920	CHAIN_SKILL
1921	CHAIN_SKILL
1922	CHAIN_SKILL
1942	PHYSICAL_DEBUFF
1943	PHYSICAL_DEBUFF
1944	PHYSICAL_DEBUFF
1945	PHYSICAL_DEBUFF
1946	PHYSICAL_DEBUFF
1947	PHYSICAL_DEBUFF
1948	PHYSICAL_DEBUFF
1949	PHYSICAL_DEBUFF
1950	PHYSICAL_DEBUFF
1951	PHYSICAL_DEBUFF
1952	PHYSICAL_DEBUFF
1953	PHYSICAL_DEBUFF
1954	MENTAL_DEBUFF
1955	MENTAL_DEBUFF
1956	MENTAL_DEBUFF
1957	CHAIN_SKILL
1958	CHAIN_SKILL
1959	CHAIN_SKILL
1960	CHAIN_SKILL
1961	CHAIN_SKILL
1962	CHAIN_SKILL
1963	CHAIN_SKILL
1964	CHAIN_SKILL
1965	CHAIN_SKILL
1966	CHAIN_SKILL
1967	CHAIN_SKILL
1968	CHAIN_SKILL
1969	CHAIN_SKILL
1970	PHYSICAL_DEBUFF
1971	PHYSICAL_DEBUFF
1972	PHYSICAL_DEBUFF
1973	PHYSICAL_DEBUFF
1974	PHYSICAL_DEBUFF
1975	PHYSICAL_DEBUFF
1976	PHYSICAL_DEBUFF
1977	PHYSICAL_DEBUFF
1978	PHYSICAL_DEBUFF
1979	PHYSICAL_DEBUFF
1980	PHYSICAL_DEBUFF
1981	PHYSICAL_DEBUFF
1982	PHYSICAL_DEBUFF
1983	PHYSICAL_DEBUFF
1995	PHYSICAL_DEBUFF
1996	PHYSICAL_DEBUFF
1997	PHYSICAL_DEBUFF
1998	PHYSICAL_DEBUFF
1999	PHYSICAL_DEBUFF
2000	PHYSICAL_DEBUFF
2001	PHYSICAL_DEBUFF
2002	PHYSICAL_DEBUFF
2003	PHYSICAL_DEBUFF
2004	PHYSICAL_DEBUFF
2005	PHYSICAL_DEBUFF
2006	PHYSICAL_DEBUFF
2055	CHAIN_SKILL
2056	CHAIN_SKILL
2057	CHAIN_SKILL
2058	CHAIN_SKILL
2059	CHAIN_SKILL
2060	CHAIN_SKILL
2061	CHAIN_SKILL
2062	CHAIN_SKILL
2063	CHAIN_SKILL
2064	CHAIN_SKILL
2065	CHAIN_SKILL
2066	PHYSICAL_DEBUFF
2067	PHYSICAL_DEBUFF
2068	PHYSICAL_DEBUFF
2093	CHAIN_SKILL
2094	CHAIN_SKILL
2095	CHAIN_SKILL
2096	CHAIN_SKILL
2097	CHAIN_SKILL
2098	PHYSICAL_DEBUFF
2099	PHYSICAL_DEBUFF
2100	PHYSICAL_DEBUFF
2101	PHYSICAL_DEBUFF
2102	PHYSICAL_DEBUFF
2103	PHYSICAL_DEBUFF
2104	PHYSICAL_DEBUFF
2105	PHYSICAL_DEBUFF
2109	PHYSICAL_DEBUFF
2110	PHYSICAL_DEBUFF
2111	PHYSICAL_DEBUFF
2112	PHYSICAL_DEBUFF
2113	PHYSICAL_DEBUFF
2114	PHYSICAL_DEBUFF
2116	CHAIN_SKILL
2117	CHAIN_SKILL
2118	CHAIN_SKILL
2119	CHAIN_SKILL
2120	CHAIN_SKILL
2121	CHAIN_SKILL
2122	CHAIN_SKILL
2123	CHAIN_SKILL
2132	CHAIN_SKILL
2133	CHAIN_SKILL
2134	CHAIN_SKILL
2135	CHAIN_SKILL
2136	CHAIN_SKILL
2137	CHAIN_SKILL
2138	CHAIN_SKILL
2139	CHAIN_SKILL
2140	CHAIN_SKILL
2141	CHAIN_SKILL
2142	CHAIN_SKILL
2143	CHAIN_SKILL
2144	CHAIN_SKILL
2145	CHAIN_SKILL
2146	CHAIN_SKILL
2147	CHAIN_SKILL
2148	CHAIN_SKILL
2149	CHAIN_SKILL
2150	CHAIN_SKILL
2151	CHAIN_SKILL
2152	CHAIN_SKILL
2153	CHAIN_SKILL
2154	CHAIN_SKILL
2155	PHYSICAL_DEBUFF
2156	PHYSICAL_DEBUFF
2157	PHYSICAL_DEBUFF
2158	PHYSICAL_DEBUFF
2159	PHYSICAL_DEBUFF
2160	PHYSICAL_DEBUFF
2161	PHYSICAL_DEBUFF
2162	PHYSICAL_DEBUFF
2163	PHYSICAL_DEBUFF
2164	PHYSICAL_DEBUFF
2165	PHYSICAL_DEBUFF
2166	PHYSICAL_DEBUFF
2171	CHAIN_SKILL
2172	CHAIN_SKILL
2173	CHAIN_SKILL
2174	CHAIN_SKILL
2175	CHAIN_SKILL
2176	CHAIN_SKILL
2177	CHAIN_SKILL
2178	CHAIN_SKILL
2179	CHAIN_SKILL
2180	CHAIN_SKILL
2181	CHAIN_SKILL
2182	CHAIN_SKILL
2183	CHAIN_SKILL
2184	CHAIN_SKILL
2185	CHAIN_SKILL
2186	CHAIN_SKILL
2187	CHAIN_SKILL
2188	CHAIN_SKILL
2189	CHAIN_SKILL
2190	CHAIN_SKILL
2191	CHAIN_SKILL
2192	CHAIN_SKILL
2193	CHAIN_SKILL
2194	CHAIN_SKILL
2232	PHYSICAL_DEBUFF
2233	PHYSICAL_DEBUFF
2234	PHYSICAL_DEBUFF
2235	PHYSICAL_DEBUFF
2236	PHYSICAL_DEBUFF
2237	PHYSICAL_DEBUFF
2238	PHYSICAL_DEBUFF
2239	PHYSICAL_DEBUFF
2240	PHYSICAL_DEBUFF
2241	PHYSICAL_DEBUFF
2242	PHYSICAL_DEBUFF
2243	PHYSICAL_DEBUFF
2244	PHYSICAL_DEBUFF
2245	PHYSICAL_DEBUFF
2246	PHYSICAL_DEBUFF
2247	PHYSICAL_DEBUFF
2248	PHYSICAL_DEBUFF
2249	PHYSICAL_DEBUFF
2250	PHYSICAL_DEBUFF
2251	PHYSICAL_DEBUFF
2252	PHYSICAL_DEBUFF
2253	PHYSICAL_DEBUFF
2254	PHYSICAL_DEBUFF
2255	PHYSICAL_DEBUFF
2256	PHYSICAL_DEBUFF
2257	PHYSICAL_DEBUFF
2258	PHYSICAL_DEBUFF
2259	PHYSICAL_DEBUFF
2260	PHYSICAL_DEBUFF
2261	PHYSICAL_DEBUFF
2262	PHYSICAL_DEBUFF
2263	PHYSICAL_DEBUFF
2298	PHYSICAL_DEBUFF
2299	PHYSICAL_DEBUFF
2300	PHYSICAL_DEBUFF
2301	PHYSICAL_DEBUFF
2302	PHYSICAL_DEBUFF
2303	PHYSICAL_DEBUFF
2304	PHYSICAL_DEBUFF
2305	PHYSICAL_DEBUFF
2306	PHYSICAL_DEBUFF
2307	PHYSICAL_DEBUFF
2308	PHYSICAL_DEBUFF
2309	PHYSICAL_DEBUFF
2310	PHYSICAL_DEBUFF
2311	PHYSICAL_DEBUFF
2312	PHYSICAL_DEBUFF
2313	PHYSICAL_DEBUFF
2314	PHYSICAL_DEBUFF
2315	PHYSICAL_DEBUFF
2316	PHYSICAL_DEBUFF
2317	PHYSICAL_DEBUFF
2318	PHYSICAL_DEBUFF
2319	PHYSICAL_DEBUFF
2320	PHYSICAL_DEBUFF
2321	PHYSICAL_DEBUFF
2380	CHAIN_SKILL
2381	CHAIN_SKILL
2382	CHAIN_SKILL
2399	CHAIN_SKILL
2400	CHAIN_SKILL
2415	HEAL
2416	HEAL
2417	HEAL
2418	HEAL
2419	HEAL
2420	HEAL
2426	CHAIN_SKILL
2427	CHAIN_SKILL
2428	CHAIN_SKILL
2429	CHAIN_SKILL
2430	CHAIN_SKILL
2431	CHAIN_SKILL
2432	CHAIN_SKILL
2433	CHAIN_SKILL
2434	CHAIN_SKILL
2435	CHAIN_SKILL
2436	CHAIN_SKILL
2464	HEAL
2465	HEAL
2466	HEAL
2467	HEAL
2468	HEAL
2469	HEAL
2470	HEAL
2471	HEAL
2472	HEAL
2473	HEAL
2474	HEAL
2475	HEAL
2476	HEAL
2477	HEAL
2478	HEAL
2479	HEAL
2480	HEAL
2481	HEAL
2482	HEAL
2483	HEAL
2484	HEAL
2485	HEAL
2486	HEAL
2487	HEAL
2488	CHAIN_SKILL
2489	CHAIN_SKILL
2490	CHAIN_SKILL
2491	CHAIN_SKILL
2492	CHAIN_SKILL
2493	CHAIN_SKILL
2494	CHAIN_SKILL
2495	CHAIN_SKILL
2496	CHAIN_SKILL
2497	CHAIN_SKILL
2504	CHAIN_SKILL
2505	CHAIN_SKILL
2506	CHAIN_SKILL
2512	CHAIN_SKILL
2513	CHAIN_SKILL
2514	CHAIN_SKILL
2515	CHAIN_SKILL
2516	CHAIN_SKILL
2517	CHAIN_SKILL
2518	CHAIN_SKILL
2519	CHAIN_SKILL
2520	HEAL
2521	HEAL
2522	HEAL
2523	HEAL
2524	HEAL
2525	HEAL
2526	HEAL
2527	HEAL
2528	HEAL
2536	CHAIN_SKILL
2537	CHAIN_SKILL
2538	CHAIN_SKILL
2539	CHAIN_SKILL
2540	CHAIN_SKILL
2541	CHAIN_SKILL
2542	CHAIN_SKILL
2543	CHAIN_SKILL
2544	CHAIN_SKILL
2545	CHAIN_SKILL
2546	CHAIN_SKILL
2547	CHAIN_SKILL
2548	CHAIN_SKILL
2549	CHAIN_SKILL
2550	CHAIN_SKILL
2551	CHAIN_SKILL
2552	CHAIN_SKILL
2553	CHAIN_SKILL
2554	CHAIN_SKILL
2555	CHAIN_SKILL
2556	CHAIN_SKILL
2557	CHAIN_SKILL
2558	CHAIN_SKILL
2559	CHAIN_SKILL
2560	CHAIN_SKILL
2561	CHAIN_SKILL
2562	CHAIN_SKILL
2563	CHAIN_SKILL
2564	CHAIN_SKILL
2566	CHAIN_SKILL
2567	CHAIN_SKILL
2568	CHAIN_SKILL
2569	CHAIN_SKILL
2570	CHAIN_SKILL
2571	CHAIN_SKILL
2572	HEAL
2573	HEAL
2574	HEAL
2575	HEAL
2576	HEAL
2577	HEAL
2578	HEAL
2690	CHAIN_SKILL
2691	CHAIN_SKILL
2692	CHAIN_SKILL
2693	CHAIN_SKILL
2694	CHAIN_SKILL
2695	CHAIN_SKILL
2696	CHAIN_SKILL
2697	CHAIN_SKILL
2698	CHAIN_SKILL
2699	CHAIN_SKILL
2700	CHAIN_SKILL
2701	CHAIN_SKILL
2717	CHAIN_SKILL
2718	CHAIN_SKILL
2719	CHAIN_SKILL
2720	CHAIN_SKILL
2721	CHAIN_SKILL
2722	CHAIN_SKILL
2723	CHAIN_SKILL
2724	CHAIN_SKILL
2725	CHAIN_SKILL
2726	CHAIN_SKILL
2727	CHAIN_SKILL
2728	CHAIN_SKILL
2729	CHAIN_SKILL
2730	CHAIN_SKILL
2731	CHAIN_SKILL
2732	CHAIN_SKILL
2733	CHAIN_SKILL
2734	CHAIN_SKILL
2735	CHAIN_SKILL
2779	CHAIN_SKILL
2780	CHAIN_SKILL
2781	CHAIN_SKILL
2782	CHAIN_SKILL
2783	CHAIN_SKILL
2784	CHAIN_SKILL
2785	CHAIN_SKILL
2786	CHAIN_SKILL
2787	CHAIN_SKILL
2788	CHAIN_SKILL
2789	CHAIN_SKILL
2790	CHAIN_SKILL
2791	CHAIN_SKILL
2792	CHAIN_SKILL
2793	CHAIN_SKILL
2806	CHAIN_SKILL
2807	CHAIN_SKILL
2808	CHAIN_SKILL
2809	CHAIN_SKILL
2810	CHAIN_SKILL
2811	CHAIN_SKILL
2812	CHAIN_SKILL
2813	CHAIN_SKILL
2814	CHAIN_SKILL
2815	CHAIN_SKILL
2816	CHAIN_SKILL
2817	CHAIN_SKILL
2818	CHAIN_SKILL
2819	CHAIN_SKILL
2820	CHAIN_SKILL
2821	CHAIN_SKILL
2822	CHAIN_SKILL
2823	CHAIN_SKILL
2824	CHAIN_SKILL
2833	CHAIN_SKILL
2834	CHAIN_SKILL
2835	CHAIN_SKILL
2836	CHAIN_SKILL
2837	CHAIN_SKILL
2861	HEAL
2862	HEAL
2863	HEAL
2864	CHAIN_SKILL
2865	CHAIN_SKILL
2866	CHAIN_SKILL
2867	CHAIN_SKILL
2868	CHAIN_SKILL
2869	CHAIN_SKILL
2870	CHAIN_SKILL
2871	CHAIN_SKILL
2872	CHAIN_SKILL
2873	CHAIN_SKILL
2874	CHAIN_SKILL
2875	CHAIN_SKILL
2876	CHAIN_SKILL
2877	CHAIN_SKILL
2878	CHAIN_SKILL
2879	CHAIN_SKILL
2880	CHAIN_SKILL
2881	CHAIN_SKILL
2882	CHAIN_SKILL
2883	CHAIN_SKILL
2884	CHAIN_SKILL
2885	CHAIN_SKILL
2886	CHAIN_SKILL
2887	CHAIN_SKILL
2888	CHAIN_SKILL
2889	CHAIN_SKILL
2890	CHAIN_SKILL
2891	CHAIN_SKILL
2892	CHAIN_SKILL
2893	CHAIN_SKILL
2894	CHAIN_SKILL
2895	CHAIN_SKILL
2896	CHAIN_SKILL
2897	CHAIN_SKILL
2898	CHAIN_SKILL
2899	CHAIN_SKILL
2900	CHAIN_SKILL
2901	CHAIN_SKILL
2902	CHAIN_SKILL
2903	CHAIN_SKILL
2904	CHAIN_SKILL
2905	CHAIN_SKILL
2906	CHAIN_SKILL
2907	CHAIN_SKILL
2908	CHAIN_SKILL
2909	CHAIN_SKILL
2910	CHAIN_SKILL
2911	CHAIN_SKILL
2912	CHAIN_SKILL
2913	CHAIN_SKILL
2914	CHAIN_SKILL
2967	PHYSICAL_DEBUFF
2968	PHYSICAL_DEBUFF
2969	PHYSICAL_DEBUFF
2970	PHYSICAL_DEBUFF
2971	PHYSICAL_DEBUFF
2972	PHYSICAL_DEBUFF
2973	PHYSICAL_DEBUFF
3038	CHAIN_SKILL
3039	CHAIN_SKILL
3040	CHAIN_SKILL
3041	CHAIN_SKILL
3042	CHAIN_SKILL
3043	CHAIN_SKILL
3044	CHAIN_SKILL
3045	CHAIN_SKILL
3046	CHAIN_SKILL
3047	CHAIN_SKILL
3049	CHAIN_SKILL
3050	CHAIN_SKILL
3051	CHAIN_SKILL
3052	CHAIN_SKILL
3053	CHAIN_SKILL
3054	CHAIN_SKILL
3055	CHAIN_SKILL
3056	CHAIN_SKILL
3057	CHAIN_SKILL
3058	CHAIN_SKILL
3059	CHAIN_SKILL
3060	CHAIN_SKILL
3061	CHAIN_SKILL
3062	CHAIN_SKILL
3063	CHAIN_SKILL
3064	CHAIN_SKILL
3070	CHAIN_SKILL
3071	CHAIN_SKILL
3084	CHAIN_SKILL
3094	CHAIN_SKILL
3095	CHAIN_SKILL
3096	CHAIN_SKILL
3097	CHAIN_SKILL
3098	CHAIN_SKILL
3099	CHAIN_SKILL
3100	CHAIN_SKILL
3101	CHAIN_SKILL
3102	CHAIN_SKILL
3103	CHAIN_SKILL
3104	CHAIN_SKILL
3105	CHAIN_SKILL
3113	PHYSICAL_DEBUFF
3114	PHYSICAL_DEBUFF
3115	PHYSICAL_DEBUFF
3123	PHYSICAL_DEBUFF
3130	CHAIN_SKILL
3131	CHAIN_SKILL
3132	CHAIN_SKILL
3133	CHAIN_SKILL
3134	CHAIN_SKILL
3135	CHAIN_SKILL
3136	CHAIN_SKILL
3137	CHAIN_SKILL
3138	CHAIN_SKILL
3139	CHAIN_SKILL
3140	CHAIN_SKILL
3141	CHAIN_SKILL
3142	CHAIN_SKILL
3143	CHAIN_SKILL
3144	CHAIN_SKILL
3145	CHAIN_SKILL
3146	CHAIN_SKILL
3162	PHYSICAL_DEBUFF
3163	PHYSICAL_DEBUFF
3164	PHYSICAL_DEBUFF
3165	PHYSICAL_DEBUFF
3166	PHYSICAL_DEBUFF
3167	PHYSICAL_DEBUFF
3169	CHAIN_SKILL
3170	CHAIN_SKILL
3171	CHAIN_SKILL
3172	CHAIN_SKILL
3173	CHAIN_SKILL
3182	CHAIN_SKILL
3183	CHAIN_SKILL
3184	CHAIN_SKILL
3185	CHAIN_SKILL
3186	CHAIN_SKILL
3187	CHAIN_SKILL
3188	CHAIN_SKILL
3189	CHAIN_SKILL
3190	CHAIN_SKILL
3191	CHAIN_SKILL
3192	CHAIN_SKILL
3193	CHAIN_SKILL
3194	CHAIN_SKILL
3209	CHAIN_SKILL
3210	CHAIN_SKILL
3211	CHAIN_SKILL
3212	CHAIN_SKILL
3213	CHAIN_SKILL
3214	CHAIN_SKILL
3215	CHAIN_SKILL
3216	CHAIN_SKILL
3217	CHAIN_SKILL
3218	CHAIN_SKILL
3219	CHAIN_SKILL
3220	CHAIN_SKILL
3221	CHAIN_SKILL
3223	CHAIN_SKILL
3224	CHAIN_SKILL
3225	CHAIN_SKILL
3226	CHAIN_SKILL
3227	CHAIN_SKILL
3228	CHAIN_SKILL
3229	CHAIN_SKILL
3230	CHAIN_SKILL
3231	CHAIN_SKILL
3232	CHAIN_SKILL
3233	CHAIN_SKILL
3234	CHAIN_SKILL
3236	PHYSICAL_DEBUFF
3237	PHYSICAL_DEBUFF
3238	PHYSICAL_DEBUFF
3239	CHAIN_SKILL
3240	CHAIN_SKILL
3241	CHAIN_SKILL
3246	PHYSICAL_DEBUFF
3247	PHYSICAL_DEBUFF
3248	PHYSICAL_DEBUFF
3249	CHAIN_SKILL
3250	CHAIN_SKILL
3251	CHAIN_SKILL
3252	CHAIN_SKILL
3253	CHAIN_SKILL
3254	CHAIN_SKILL
3271	CHAIN_SKILL
3283	CHAIN_SKILL
3284	CHAIN_SKILL
3285	CHAIN_SKILL
3286	CHAIN_SKILL
3287	CHAIN_SKILL
3288	CHAIN_SKILL
3289	CHAIN_SKILL
3290	CHAIN_SKILL
3291	CHAIN_SKILL
3306	CHAIN_SKILL
3307	CHAIN_SKILL
3308	MENTAL_DEBUFF
3309	MENTAL_DEBUFF
3310	MENTAL_DEBUFF
3311	MENTAL_DEBUFF
3313	CHAIN_SKILL
3314	CHAIN_SKILL
3315	CHAIN_SKILL
3316	CHAIN_SKILL
3317	CHAIN_SKILL
3318	CHAIN_SKILL
3338	PHYSICAL_DEBUFF
3340	CHAIN_SKILL
3341	CHAIN_SKILL
3342	CHAIN_SKILL
3343	CHAIN_SKILL
3344	CHAIN_SKILL
3345	CHAIN_SKILL
3346	CHAIN_SKILL
3347	CHAIN_SKILL
3348	CHAIN_SKILL
3349	CHAIN_SKILL
3350	CHAIN_SKILL
3351	CHAIN_SKILL
3352	CHAIN_SKILL
3353	CHAIN_SKILL
3354	CHAIN_SKILL
3374	CHAIN_SKILL
3375	CHAIN_SKILL
3376	CHAIN_SKILL
3377	CHAIN_SKILL
3378	CHAIN_SKILL
3379	CHAIN_SKILL
3380	CHAIN_SKILL
3381	CHAIN_SKILL
3382	CHAIN_SKILL
3383	CHAIN_SKILL
3384	CHAIN_SKILL
3385	CHAIN_SKILL
3386	CHAIN_SKILL
3387	CHAIN_SKILL
3388	CHAIN_SKILL
3389	CHAIN_SKILL
3390	CHAIN_SKILL
3391	CHAIN_SKILL
3392	CHAIN_SKILL
3393	CHAIN_SKILL
3394	CHAIN_SKILL
3395	CHAIN_SKILL
3396	CHAIN_SKILL
3397	CHAIN_SKILL
3398	CHAIN_SKILL
3399	CHAIN_SKILL
3400	CHAIN_SKILL
3401	CHAIN_SKILL
3402	CHAIN_SKILL
3403	CHAIN_SKILL
3406	CHAIN_SKILL
3407	CHAIN_SKILL
3408	CHAIN_SKILL
3409	CHAIN_SKILL
3410	CHAIN_SKILL
3411	CHAIN_SKILL
3412	CHAIN_SKILL
3413	CHAIN_SKILL
3414	CHAIN_SKILL
3415	PHYSICAL_DEBUFF
3416	PHYSICAL_DEBUFF
3417	CHAIN_SKILL
3418	CHAIN_SKILL
3419	CHAIN_SKILL
3420	CHAIN_SKILL
3421	CHAIN_SKILL
3422	CHAIN_SKILL
3423	CHAIN_SKILL
3424	CHAIN_SKILL
3425	CHAIN_SKILL
3426	CHAIN_SKILL
3427	CHAIN_SKILL
3428	CHAIN_SKILL
3429	CHAIN_SKILL
3430	CHAIN_SKILL
3431	CHAIN_SKILL
3432	CHAIN_SKILL
3433	CHAIN_SKILL
3434	CHAIN_SKILL
3435	CHAIN_SKILL
3436	CHAIN_SKILL
3437	CHAIN_SKILL
3438	CHAIN_SKILL
3439	CHAIN_SKILL
3440	CHAIN_SKILL
3441	CHAIN_SKILL
3467	CHAIN_SKILL
3470	CHAIN_SKILL
3471	CHAIN_SKILL
3472	CHAIN_SKILL
3473	CHAIN_SKILL
3474	CHAIN_SKILL
3475	CHAIN_SKILL
3476	CHAIN_SKILL
3477	CHAIN_SKILL
3478	CHAIN_SKILL
3479	CHAIN_SKILL
3482	CHAIN_SKILL
3483	CHAIN_SKILL
3484	CHAIN_SKILL
3485	CHAIN_SKILL
3486	CHAIN_SKILL
3487	CHAIN_SKILL
3488	CHAIN_SKILL
3489	CHAIN_SKILL
3490	CHAIN_SKILL
3532	CHAIN_SKILL
3533	CHAIN_SKILL
3534	CHAIN_SKILL
3535	CHAIN_SKILL
3536	CHAIN_SKILL
3537	CHAIN_SKILL
3538	CHAIN_SKILL
3539	CHAIN_SKILL
3540	CHAIN_SKILL
3545	MENTAL_DEBUFF
3546	MENTAL_DEBUFF
3547	MENTAL_DEBUFF
3550	CHAIN_SKILL
3551	CHAIN_SKILL
3552	CHAIN_SKILL
3553	CHAIN_SKILL
3554	CHAIN_SKILL
3555	CHAIN_SKILL
3556	PHYSICAL_DEBUFF
3557	PHYSICAL_DEBUFF
3558	PHYSICAL_DEBUFF
3559	PHYSICAL_DEBUFF
3560	PHYSICAL_DEBUFF
3561	PHYSICAL_DEBUFF
3570	CHAIN_SKILL
3571	PHYSICAL_DEBUFF
3572	PHYSICAL_DEBUFF
3575	MENTAL_DEBUFF
3576	MENTAL_DEBUFF
3577	MENTAL_DEBUFF
3578	MENTAL_DEBUFF
3579	MENTAL_DEBUFF
3580	MENTAL_DEBUFF
3581	MENTAL_DEBUFF
3589	CHAIN_SKILL
3590	HEAL
3591	CHAIN_SKILL
3592	CHAIN_SKILL
3593	CHAIN_SKILL
3594	CHAIN_SKILL
3595	CHAIN_SKILL
3596	CHAIN_SKILL
3597	CHAIN_SKILL
3598	CHAIN_SKILL
3599	CHAIN_SKILL
3600	CHAIN_SKILL
3601	CHAIN_SKILL
3603	PHYSICAL_DEBUFF
3604	PHYSICAL_DEBUFF
3605	PHYSICAL_DEBUFF
3606	PHYSICAL_DEBUFF
3607	PHYSICAL_DEBUFF
3608	PHYSICAL_DEBUFF
3609	PHYSICAL_DEBUFF
3610	PHYSICAL_DEBUFF
3611	PHYSICAL_DEBUFF
3612	PHYSICAL_DEBUFF
3613	PHYSICAL_DEBUFF
3614	CHAIN_SKILL
3615	CHAIN_SKILL
3616	CHAIN_SKILL
3617	CHAIN_SKILL
3618	CHAIN_SKILL
3619	CHAIN_SKILL
3620	CHAIN_SKILL
3621	CHAIN_SKILL
3622	CHAIN_SKILL
3623	CHAIN_SKILL
3624	CHAIN_SKILL
3625	CHAIN_SKILL
3626	CHAIN_SKILL
3627	CHAIN_SKILL
3628	CHAIN_SKILL
3629	CHAIN_SKILL
3630	CHAIN_SKILL
3631	CHAIN_SKILL
3632	CHAIN_SKILL
3633	CHAIN_SKILL
3634	CHAIN_SKILL
3635	CHAIN_SKILL
3636	CHAIN_SKILL
3637	CHAIN_SKILL
3638	CHAIN_SKILL
3639	CHAIN_SKILL
3732	HEAL
3733	HEAL
3734	HEAL
3735	HEAL
3736	HEAL
3737	HEAL
3738	HEAL
3740	CHAIN_SKILL
3741	CHAIN_SKILL
3775	CHAIN_SKILL
3776	CHAIN_SKILL
3778	CHAIN_SKILL
3781	CHAIN_SKILL
3790	PHYSICAL_DEBUFF
3791	PHYSICAL_DEBUFF
3792	PHYSICAL_DEBUFF
3793	PHYSICAL_DEBUFF
3794	PHYSICAL_DEBUFF
3795	PHYSICAL_DEBUFF
3810	CHAIN_SKILL
3812	CHAIN_SKILL
3814	CHAIN_SKILL
3816	CHAIN_SKILL
3818	CHAIN_SKILL
3820	CHAIN_SKILL
3822	CHAIN_SKILL
3824	CHAIN_SKILL
3826	CHAIN_SKILL
3828	CHAIN_SKILL
3830	CHAIN_SKILL
3832	CHAIN_SKILL
3834	CHAIN_SKILL
3835	CHAIN_SKILL
3836	CHAIN_SKILL
3837	CHAIN_SKILL
3840	PHYSICAL_DEBUFF
3841	PHYSICAL_DEBUFF
3842	PHYSICAL_DEBUFF
3843	PHYSICAL_DEBUFF
3844	PHYSICAL_DEBUFF
3845	PHYSICAL_DEBUFF
3846	PHYSICAL_DEBUFF
3847	PHYSICAL_DEBUFF
3848	PHYSICAL_DEBUFF
3935	DISPELL
3936	DISPELL
3937	DISPELL
3938	DISPELL
3951	HEAL
3952	HEAL
3953	HEAL
3954	HEAL
3955	HEAL
3956	HEAL
3957	HEAL
3958	HEAL
3959	HEAL
3960	HEAL
3961	HEAL
3962	HEAL
3963	HEAL
3964	HEAL
3965	HEAL
3966	HEAL
3967	HEAL
3968	HEAL
3969	HEAL
3970	HEAL
3971	HEAL
3972	HEAL
3973	HEAL
3974	HEAL
3975	HEAL
3976	HEAL
3977	HEAL
3978	HEAL
3979	HEAL
3992	HEAL
3993	HEAL
3994	HEAL
3995	HEAL
3996	HEAL
3997	HEAL
3998	HEAL
3999	HEAL
4000	HEAL
4001	HEAL
4002	HEAL
4003	HEAL
4005	REBIRTH
4006	HEAL
4007	HEAL
4008	HEAL
4009	HEAL
4010	HEAL
4011	PHYSICAL_DEBUFF
4012	CHAIN_SKILL
4013	CHAIN_SKILL
4014	CHAIN_SKILL
4015	CHAIN_SKILL
4016	CHAIN_SKILL
4017	CHAIN_SKILL
4018	CHAIN_SKILL
4019	CHAIN_SKILL
4020	CHAIN_SKILL
4021	CHAIN_SKILL
4022	CHAIN_SKILL
4023	CHAIN_SKILL
4024	CHAIN_SKILL
4025	CHAIN_SKILL
4026	CHAIN_SKILL
4027	CHAIN_SKILL
4028	CHAIN_SKILL
4029	CHAIN_SKILL
4030	CHAIN_SKILL
4031	CHAIN_SKILL
4032	CHAIN_SKILL
4033	CHAIN_SKILL
4034	CHAIN_SKILL
4035	CHAIN_SKILL
4036	CHAIN_SKILL
4037	CHAIN_SKILL
4038	CHAIN_SKILL
4039	CHAIN_SKILL
4040	CHAIN_SKILL
4041	CHAIN_SKILL
4042	CHAIN_SKILL
4043	CHAIN_SKILL
4044	CHAIN_SKILL
4045	CHAIN_SKILL
4046	CHAIN_SKILL
4047	CHAIN_SKILL
4048	CHAIN_SKILL
4049	CHAIN_SKILL
4050	CHAIN_SKILL
4051	CHAIN_SKILL
4052	CHAIN_SKILL
4053	CHAIN_SKILL
4054	CHAIN_SKILL
4055	CHAIN_SKILL
4056	CHAIN_SKILL
4057	CHAIN_SKILL
4058	CHAIN_SKILL
4059	CHAIN_SKILL
4060	CHAIN_SKILL
4061	CHAIN_SKILL
4062	CHAIN_SKILL
4063	CHAIN_SKILL
4064	CHAIN_SKILL
4065	CHAIN_SKILL
4066	CHAIN_SKILL
4067	CHAIN_SKILL
4068	CHAIN_SKILL
4069	CHAIN_SKILL
4070	CHAIN_SKILL
4071	CHAIN_SKILL
4072	CHAIN_SKILL
4073	CHAIN_SKILL
4074	CHAIN_SKILL
4075	CHAIN_SKILL
4076	CHAIN_SKILL
4077	CHAIN_SKILL
4078	CHAIN_SKILL
4079	CHAIN_SKILL
4080	CHAIN_SKILL
4081	CHAIN_SKILL
4082	CHAIN_SKILL
4083	PHYSICAL_DEBUFF
4084	PHYSICAL_DEBUFF
4085	PHYSICAL_DEBUFF
4086	PHYSICAL_DEBUFF
4087	PHYSICAL_DEBUFF
4088	PHYSICAL_DEBUFF
4089	PHYSICAL_DEBUFF
4090	PHYSICAL_DEBUFF
4091	PHYSICAL_DEBUFF
4092	PHYSICAL_DEBUFF
4093	PHYSICAL_DEBUFF
4094	PHYSICAL_DEBUFF
4095	CHAIN_SKILL
4096	CHAIN_SKILL
4097	CHAIN_SKILL
4098	CHAIN_SKILL
4099	CHAIN_SKILL
4100	CHAIN_SKILL
4101	CHAIN_SKILL
4102	CHAIN_SKILL
4103	CHAIN_SKILL
4104	CHAIN_SKILL
4127	PHYSICAL_DEBUFF
4128	PHYSICAL_DEBUFF
4129	PHYSICAL_DEBUFF
4130	PHYSICAL_DEBUFF
4131	PHYSICAL_DEBUFF
4132	PHYSICAL_DEBUFF
4133	PHYSICAL_DEBUFF
4135	PHYSICAL_DEBUFF
4144	PHYSICAL_DEBUFF
4145	PHYSICAL_DEBUFF
4146	PHYSICAL_DEBUFF
4147	PHYSICAL_DEBUFF
4148	PHYSICAL_DEBUFF
4149	PHYSICAL_DEBUFF
4167	PHYSICAL_DEBUFF
4168	PHYSICAL_DEBUFF
4169	PHYSICAL_DEBUFF
4170	PHYSICAL_DEBUFF
4171	PHYSICAL_DEBUFF
4172	PHYSICAL_DEBUFF
4173	PHYSICAL_DEBUFF
4174	PHYSICAL_DEBUFF
4175	PHYSICAL_DEBUFF
4176	HEAL
4177	HEAL
4178	HEAL
4179	HEAL
4180	HEAL
4181	HEAL
4182	MENTAL_DEBUFF
4183	MENTAL_DEBUFF
4184	MENTAL_DEBUFF
4185	MENTAL_DEBUFF
4186	MENTAL_DEBUFF
4187	MENTAL_DEBUFF
4193	HEAL
4194	HEAL
4195	HEAL
4196	HEAL
4197	HEAL
4198	HEAL
4199	HEAL
4200	HEAL
4201	HEAL
4202	HEAL
4203	HEAL
4204	HEAL
4205	HEAL
4206	HEAL
4207	HEAL
4208	HEAL
4209	HEAL
4210	HEAL
4211	HEAL
4212	HEAL
4213	HEAL
4214	HEAL
4215	HEAL
4216	HEAL
4217	HEAL
4218	HEAL
4219	HEAL
4220	HEAL
4221	CHAIN_SKILL
4222	CHAIN_SKILL
4223	CHAIN_SKILL
4224	CHAIN_SKILL
4225	CHAIN_SKILL
4226	CHAIN_SKILL
4227	CHAIN_SKILL
4228	CHAIN_SKILL
4229	CHAIN_SKILL
4230	CHAIN_SKILL
4231	CHAIN_SKILL
4232	CHAIN_SKILL
4233	CHAIN_SKILL
4234	CHAIN_SKILL
4235	CHAIN_SKILL
4236	CHAIN_SKILL
4237	CHAIN_SKILL
4238	CHAIN_SKILL
4239	CHAIN_SKILL
4240	CHAIN_SKILL
4241	CHAIN_SKILL
4242	CHAIN_SKILL
4243	CHAIN_SKILL
4244	CHAIN_SKILL
4245	CHAIN_SKILL
4246	CHAIN_SKILL
4247	CHAIN_SKILL
4248	CHAIN_SKILL
4249	CHAIN_SKILL
4250	CHAIN_SKILL
4251	CHAIN_SKILL
4252	CHAIN_SKILL
4253	CHAIN_SKILL
4254	CHAIN_SKILL
4255	CHAIN_SKILL
4256	CHAIN_SKILL
4257	CHAIN_SKILL
4258	CHAIN_SKILL
4259	CHAIN_SKILL
4260	CHAIN_SKILL
4261	CHAIN_SKILL
4262	CHAIN_SKILL
4263	CHAIN_SKILL
4264	CHAIN_SKILL
4265	CHAIN_SKILL
4266	CHAIN_SKILL
4267	CHAIN_SKILL
4268	CHAIN_SKILL
4269	CHAIN_SKILL
4270	CHAIN_SKILL
4271	CHAIN_SKILL
4272	CHAIN_SKILL
4273	CHAIN_SKILL
4274	CHAIN_SKILL
4275	CHAIN_SKILL
4276	CHAIN_SKILL
4277	CHAIN_SKILL
4278	CHAIN_SKILL
4279	CHAIN_SKILL
4280	CHAIN_SKILL
4281	CHAIN_SKILL
4282	CHAIN_SKILL
4283	CHAIN_SKILL
4284	CHAIN_SKILL
4285	CHAIN_SKILL
4286	CHAIN_SKILL
4287	CHAIN_SKILL
4288	CHAIN_SKILL
4289	CHAIN_SKILL
4290	CHAIN_SKILL
4291	CHAIN_SKILL
4292	CHAIN_SKILL
4293	CHAIN_SKILL
4294	CHAIN_SKILL
4295	CHAIN_SKILL
4296	CHAIN_SKILL
4297	CHAIN_SKILL
4298	CHAIN_SKILL
4299	CHAIN_SKILL
4300	CHAIN_SKILL
4301	CHAIN_SKILL
4302	CHAIN_SKILL
4303	CHAIN_SKILL
4304	CHAIN_SKILL
4305	CHAIN_SKILL
4306	CHAIN_SKILL
4307	CHAIN_SKILL
4308	CHAIN_SKILL
4309	CHAIN_SKILL
4310	CHAIN_SKILL
4311	CHAIN_SKILL
4312	CHAIN_SKILL
4313	CHAIN_SKILL
4314	CHAIN_SKILL
4315	CHAIN_SKILL
4316	CHAIN_SKILL
4317	CHAIN_SKILL
4318	CHAIN_SKILL
4319	CHAIN_SKILL
4320	CHAIN_SKILL
4321	CHAIN_SKILL
4322	CHAIN_SKILL
4323	CHAIN_SKILL
4324	CHAIN_SKILL
4325	CHAIN_SKILL
4326	CHAIN_SKILL
4327	CHAIN_SKILL
4328	CHAIN_SKILL
4329	CHAIN_SKILL
4330	CHAIN_SKILL
4331	CHAIN_SKILL
4332	CHAIN_SKILL
4333	CHAIN_SKILL
4334	CHAIN_SKILL
4335	CHAIN_SKILL
4336	CHAIN_SKILL
4337	CHAIN_SKILL
4338	CHAIN_SKILL
4339	HEAL
4340	HEAL
4341	HEAL
4342	HEAL
4343	HEAL
4344	HEAL
4345	HEAL
4346	HEAL
4347	HEAL
4348	HEAL
4349	HEAL
4350	HEAL
4351	HEAL
4352	HEAL
4353	HEAL
4354	HEAL
4355	HEAL
4356	HEAL
4357	HEAL
4358	HEAL
4359	HEAL
4360	HEAL
4361	HEAL
4362	HEAL
4363	HEAL
4364	HEAL
4365	HEAL
4366	HEAL
4367	HEAL
4368	HEAL
4369	HEAL
4370	HEAL
4371	HEAL
4372	HEAL
4373	HEAL
4374	HEAL
4375	HEAL
4376	HEAL
4377	HEAL
4378	HEAL
4379	HEAL
4380	HEAL
4381	HEAL
4382	HEAL
4383	HEAL
4384	HEAL
4385	HEAL
4386	HEAL
4387	HEAL
4388	HEAL
4389	HEAL
4390	HEAL
4391	HEAL
4392	CHAIN_SKILL
4393	CHAIN_SKILL
4394	CHAIN_SKILL
4395	CHAIN_SKILL
4396	CHAIN_SKILL
4397	CHAIN_SKILL
4398	CHAIN_SKILL
4399	CHAIN_SKILL
4402	PHYSICAL_DEBUFF
4403	PHYSICAL_DEBUFF
4404	PHYSICAL_DEBUFF
4405	PHYSICAL_DEBUFF
4406	MENTAL_DEBUFF
4421	MENTAL_DEBUFF
4422	MENTAL_DEBUFF
4423	MENTAL_DEBUFF
4424	MENTAL_DEBUFF
4425	PHYSICAL_DEBUFF
4426	PHYSICAL_DEBUFF
4427	PHYSICAL_DEBUFF
4428	PHYSICAL_DEBUFF
4429	PHYSICAL_DEBUFF
4430	PHYSICAL_DEBUFF
4443	DISPELL
4456	REBIRTH
4483	DISPELL
4484	HEAL
4485	HEAL
4486	HEAL
4490	MENTAL_DEBUFF
4503	HEAL
4504	HEAL
4505	HEAL
4506	HEAL
4507	HEAL
4508	HEAL
4509	HEAL
4510	HEAL
4511	HEAL
4512	HEAL
4513	HEAL
4514	HEAL
4515	HEAL
4516	HEAL
4517	HEAL
4518	HEAL
4519	HEAL
4520	HEAL
4521	MENTAL_DEBUFF
4522	PHYSICAL_DEBUFF
4523	PHYSICAL_DEBUFF
4541	CHAIN_SKILL
4542	CHAIN_SKILL
4543	MENTAL_DEBUFF
4544	MENTAL_DEBUFF
4545	MENTAL_DEBUFF
4546	MENTAL_DEBUFF
4547	MENTAL_DEBUFF
4548	MENTAL_DEBUFF
4549	MENTAL_DEBUFF
4550	MENTAL_DEBUFF
4551	PHYSICAL_DEBUFF
4564	MENTAL_DEBUFF
4565	MENTAL_DEBUFF
4566	MENTAL_DEBUFF
4605	CHAIN_SKILL
4606	CHAIN_SKILL
4607	CHAIN_SKILL
4608	CHAIN_SKILL
4646	REBIRTH
4668	CHAIN_SKILL
4669	PHYSICAL_DEBUFF
4672	CHAIN_SKILL
4673	CHAIN_SKILL
4674	CHAIN_SKILL
4675	CHAIN_SKILL
4676	CHAIN_SKILL
4677	CHAIN_SKILL
4678	CHAIN_SKILL
4679	CHAIN_SKILL
4680	CHAIN_SKILL
4681	CHAIN_SKILL
4682	CHAIN_SKILL
4683	CHAIN_SKILL
4684	CHAIN_SKILL
4686	PHYSICAL_DEBUFF
4687	PHYSICAL_DEBUFF
4688	CHAIN_SKILL
4689	HEAL
4690	HEAL
4691	HEAL
4715	CHAIN_SKILL
4721	PHYSICAL_DEBUFF
4722	CHAIN_SKILL
4726	CHAIN_SKILL
4761	HEAL
4775	CHAIN_SKILL
4777	CHAIN_SKILL
4778	CHAIN_SKILL
4780	HEAL
4781	HEAL
4782	HEAL
4784	CHAIN_SKILL
4790	PHYSICAL_DEBUFF
4817	HEAL
4830	CHAIN_SKILL
4840	CHAIN_SKILL
4841	CHAIN_SKILL
4842	CHAIN_SKILL
4863	CHAIN_SKILL
4864	CHAIN_SKILL
4865	CHAIN_SKILL
4871	DISPELL
4872	CHAIN_SKILL
4873	CHAIN_SKILL
4885	PHYSICAL_DEBUFF
4896	HEAL
4897	HEAL
4902	HEAL
4903	HEAL
4955	HEAL
4956	HEAL
4969	PHYSICAL_DEBUFF
4970	PHYSICAL_DEBUFF
4978	PHYSICAL_DEBUFF
4989	HEAL
4990	HEAL
4995	HEAL
4996	HEAL
5003	HEAL
5004	HEAL
5017	PHYSICAL_DEBUFF
5018	PHYSICAL_DEBUFF
8705	HEAL
8734	HEAL
8752	HEAL
8834	HEAL
8835	HEAL
8836	HEAL
8837	HEAL
8838	HEAL
8839	HEAL
8928	REBIRTH
8929	HEAL
8938	HEAL
8939	HEAL
8940	HEAL
8941	HEAL
8942	HEAL
8943	HEAL
8944	HEAL
8945	HEAL
8946	HEAL
8947	HEAL
8948	HEAL
8949	HEAL
8950	HEAL
8951	HEAL
8952	HEAL
8953	HEAL
8954	HEAL
8955	HEAL
8956	HEAL
8957	HEAL
8958	HEAL
8959	HEAL
8960	HEAL
8961	HEAL
8962	HEAL
9008	HEAL
9009	HEAL
9010	HEAL
9026	HEAL
9027	HEAL
9028	HEAL
9029	HEAL
9030	HEAL
9031	HEAL
9032	HEAL
9145	HEAL
10580	HEAL
11488	HEAL
11502	HEAL
11504	HEAL
11511	HEAL
11513	DISPELL
11525	HEAL
11537	HEAL
11559	CHAIN_SKILL
11566	CHAIN_SKILL
11578	HEAL
11586	CHAIN_SKILL
11602	DISPELL
11607	DISPELL
13010	HEAL
13012	HEAL
13013	HEAL
13014	HEAL
13017	HEAL
13028	HEAL
13077	HEAL
13187	HEAL
13192	HEAL
13193	HEAL
13231	HEAL
13232	HEAL
13234	HEAL
13241	HEAL
13261	HEAL
16541	REBIRTH
16546	DRAIN
16621	DRAIN
16659	CHAIN_SKILL
18274	MENTAL_DEBUFF
18626	REBIRTH
18650	HEAL
19576	CHAIN_SKILL
19577	CHAIN_SKILL
19579	CHAIN_SKILL
19581	CHAIN_SKILL
19582	PHYSICAL_DEBUFF
19583	HEAL
19584	HEAL
19587	CHAIN_SKILL
19588	CHAIN_SKILL
19590	CHAIN_SKILL
19591	CHAIN_SKILL
19592	CHAIN_SKILL
19593	CHAIN_SKILL
19595	PHYSICAL_DEBUFF
19598	CHAIN_SKILL
19606	MENTAL_DEBUFF
19607	DISPELL
19611	PHYSICAL_DEBUFF
19613	CHAIN_SKILL
19617	PHYSICAL_DEBUFF
19619	MENTAL_DEBUFF
19621	MENTAL_DEBUFF
19632	DISPELL
19649	PHYSICAL_DEBUFF
19742	CHAIN_SKILL
19759	CHAIN_SKILL
19760	CHAIN_SKILL
19761	PHYSICAL_DEBUFF
19762	CHAIN_SKILL
19763	CHAIN_SKILL
19767	CHAIN_SKILL
19768	CHAIN_SKILL
19769	CHAIN_SKILL
19770	CHAIN_SKILL
19771	HEAL
19776	PHYSICAL_DEBUFF
19777	CHAIN_SKILL
19778	MENTAL_DEBUFF
19782	CHAIN_SKILL
20842	MENTAL_DEBUFF
21183	MENTAL_DEBUFF
21185	MENTAL_DEBUFF
21186	PHYSICAL_DEBUFF
21188	PHYSICAL_DEBUFF
21234	PHYSICAL_DEBUFF
21605	MENTAL_DEBUFF
21606	MENTAL_DEBUFF
21627	MENTAL_DEBUFF
21628	PHYSICAL_DEBUFF
21629	MENTAL_DEBUFF
21632	PHYSICAL_DEBUFF
21633	PHYSICAL_DEBUFF
21636	PHYSICAL_DEBUFF
21637	PHYSICAL_DEBUFF
21638	PHYSICAL_DEBUFF
21813	PHYSICAL_DEBUFF
21817	PHYSICAL_DEBUFF
21818	PHYSICAL_DEBUFF
21822	PHYSICAL_DEBUFF
21882	PHYSICAL_DEBUFF
21883	PHYSICAL_DEBUFF
22000	MENTAL_DEBUFF
22001	MENTAL_DEBUFF
22002	MENTAL_DEBUFF
22724	MENTAL_DEBUFF
22749	MENTAL_DEBUFF
22839	MENTAL_DEBUFF
